Handle,Title,Body (HTML),Vendor,Product Category,Type,Tags,Published,Option1 Name,Option1 Value,Option2 Name,Option2 Value,Variant SKU,Variant Grams,Variant Inventory Tracker,Variant Inventory Qty,Variant Inventory Policy,Variant Fulfillment Service,Variant Price,Variant Compare At Price,Variant Requires Shipping,Variant Taxable,Variant Barcode,Image Src,Image Position,Image Alt Text,Gift Card,SEO Title,SEO Description,Google Shopping / Google Product Category,Google Shopping / Gender,Google Shopping / Age Group,Google Shopping / MPN,Google Shopping / Condition,Google Shopping / Custom Product,Variant Image,Variant Weight Unit,Variant Tax Code,Cost per item,Included / United States,Price / United States,Compare At Price / United States,Included / International,Price / International,Compare At Price / International,Status
jacquemus-le-chiquito-brown-suede,JACQUEMUS LE CHIQUITO BROWN SUEDE,<p><p>Signature mini handbag<br/><br/>- Suede leather structured bag<br/>- Reinforced handle<br/>- Magnetic flap closure<br/>- Long removable strap<br/>- Engraved lobster clip<br/>- Gold metal logo and hardware<br/>- Fully lined in cotton<br/>- Dyed edges<br/>- 12 x 9 cm</p><br/><br/>100% Cowskin<br/>Made in Italy<br/></p>,Jacquemus,accessories,,"NOTFORLTS, ACCESSORIES, ALL PRODUCTS, BAGS, JACQUEMUS, JACQUEMUS, OUR PICKS, WOMENS, Women, All Women",TRUE,Size,O/S,,,213BA001-3066-850,,,,deny,manual,250.0,520.0,,,,https://notorious-plug.com/cdn/shop/files/JCQ_LECHIQUITO_BROWNSUEDE.png?v=1737388167,1,,,,,,,,,,,,,,,,,,,,,active
jacquemus-le-chiquito-brown-suede,,,,,,,,,,,,,,,,,,,,,,,https://notorious-plug.com/cdn/shop/files/JCQ_LECHIQUITO_BROWNSUEDE2.png?v=1737388167,2,,,,,,,,,,,,,,,,,,,,,
jacquemus-le-chiquito-croc-light-khaki,JACQUEMUS LE CHIQUITO CROC LIGHT KHAKI,<p><p>Signature mini handbag<br/><br/>- Smooth leather structured bag<br/>- Reinforced handle<br/>- Magnetic flap closure<br/>- Long removable strap<br/>- Engraved lobster clip<br/>- Gold metal logo and hardware<br/>- Fully lined in cotton<br/>- Dyed edges<br/>- 12 x 9 cm</p><br/><br/>100% Cowskin<br/>Made in Italy<br/></p>,Jacquemus,accessories,,"NOTFORLTS, ACCESSORIES, ALL PRODUCTS, BAGS, JACQUEMUS, JACQUEMUS, OUR PICKS, WOMENS, Women, All Women",TRUE,Size,O/S,,,,,,,deny,manual,250.0,520.0,,,,https://notorious-plug.com/cdn/shop/files/JACQ_LCHQ_GREENCROC1.png?v=1749567627,1,,,,,,,,,,,,,,,,,,,,,active
jacquemus-le-chiquito-croc-light-khaki,,,,,,,,,,,,,,,,,,,,,,,https://notorious-plug.com/cdn/shop/files/JACQ_LCHQ_GREENCROC.png?v=1749567627,2,,,,,,,,,,,,,,,,,,,,,
jacquemus-le-chiquito-croc-light-khaki,,,,,,,,,,,,,,,,,,,,,,,https://notorious-plug.com/cdn/shop/files/JACQ_LCHQ_GREENCROC3.png?v=1749567627,3,,,,,,,,,,,,,,,,,,,,,
jacquemus-le-petit-bambino-white,JACQUEMUS LE PETIT BAMBINO WHITE,"<p><p>Jacquemus revisits its iconic 'Le Bambino' bag in an irresistible 'Petit' size. Crafted from hand-selected leather in White, this accessory is detailed with a glossy gold-tone 'J' to match the exaggerated clasps. Keep yours in the dust bag between uses.</p></p>",Jacquemus,accessories,,"NOTFORLTS, ACCESSORIES, ALL PRODUCTS, BAGS, JACQUEMUS, JACQUEMUS, OUR PICKS, WOMENS, Women, All Women",TRUE,Size,O/S,,,,,,,deny,manual,225.0,365.0,,,,https://notorious-plug.com/cdn/shop/files/JACQ_LBP_WHITE1.png?v=1749566293,1,,,,,,,,,,,,,,,,,,,,,active
jacquemus-le-petit-bambino-white,,,,,,,,,,,,,,,,,,,,,,,https://notorious-plug.com/cdn/shop/files/JACQ_LBP_WHITE2.png?v=1749566294,2,,,,,,,,,,,,,,,,,,,,,
jacquemus-le-petit-bambino-white,,,,,,,,,,,,,,,,,,,,,,,https://notorious-plug.com/cdn/shop/files/JACQ_LBP_WHITE3.png?v=1749566293,3,,,,,,,,,,,,,,,,,,,,,
jacquemus-le-petit-bambino-white,,,,,,,,,,,,,,,,,,,,,,,https://notorious-plug.com/cdn/shop/files/JACQ_LBP_WHITE4.png?v=1749566293,4,,,,,,,,,,,,,,,,,,,,,
jacquemus-le-petit-bambino-camel-brown,JACQUEMUS LE PETIT BAMBINO CAMEL BROWN,"<p><p>Jacquemus revisits its iconic 'Le Bambino' bag in an irresistible 'Petit' size. Crafted from hand-selected leather in a 'Camel' Brown shade, this accessory is detailed with a glossy gold-tone 'J' to match the exaggerated clasps. Keep yours in the dust bag between uses.</p></p>",Jacquemus,accessories,,"NOTFORLTS, ACCESSORIES, ALL PRODUCTS, BAGS, JACQUEMUS, JACQUEMUS, OUR PICKS, WOMENS, Women, All Women",TRUE,Size,O/S,,,,,,,deny,manual,225.0,365.0,,,,https://notorious-plug.com/cdn/shop/files/JACQ_LBP_CAMELBROWN.png?v=1749565932,1,,,,,,,,,,,,,,,,,,,,,active
jacquemus-le-petit-bambino-camel-brown,,,,,,,,,,,,,,,,,,,,,,,https://notorious-plug.com/cdn/shop/files/JACQ_LBP_CAMELBROWN3.png?v=1749565932,2,,,,,,,,,,,,,,,,,,,,,
jacquemus-le-petit-bambino-camel-brown,,,,,,,,,,,,,,,,,,,,,,,https://notorious-plug.com/cdn/shop/files/JACQ_LBP_CAMELBROWN2.png?v=1749565933,3,,,,,,,,,,,,,,,,,,,,,
jacquemus-le-petit-bambino-black,JACQUEMUS LE PETIT BAMBINO BLACK,"<p><p>Jacquemus revisits its iconic 'Le Bambino' bag in an irresistible 'Petit' size. Crafted from hand-selected leather in Black, this accessory is detailed with a glossy gold-tone 'J' to match the exaggerated clasps. Keep yours in the dust bag between uses.</p></p>",Jacquemus,accessories,,"NOTFORLTS, ACCESSORIES, ALL PRODUCTS, BAGS, JACQUEMUS, JACQUEMUS, OUR PICKS, WOMENS, Women, All Women",TRUE,Size,O/S,,,,,,,deny,manual,225.0,365.0,,,,https://notorious-plug.com/cdn/shop/files/JACQ_LPB_BK.png?v=1749565681,1,,,,,,,,,,,,,,,,,,,,,active
jacquemus-le-petit-bambino-black,,,,,,,,,,,,,,,,,,,,,,,https://notorious-plug.com/cdn/shop/files/JACQ_LPB_BK3.png?v=1749565681,2,,,,,,,,,,,,,,,,,,,,,
jacquemus-le-petit-bambino-black,,,,,,,,,,,,,,,,,,,,,,,https://notorious-plug.com/cdn/shop/files/JACQ_LPB_BK2.png?v=1749565680,3,,,,,,,,,,,,,,,,,,,,,
jacquemus-le-petit-bambino-black,,,,,,,,,,,,,,,,,,,,,,,https://notorious-plug.com/cdn/shop/files/JACQ_LPB_BK4.png?v=1749565681,4,,,,,,,,,,,,,,,,,,,,,
jacquemus-le-petit-bambino-dark-purple,JACQUEMUS LE PETIT BAMBINO DARK PURPLE,"<p><p>Jacquemus revisits its iconic 'Le Bambino' bag in an irresistible 'Petit' size. Crafted from hand-selected suede leather in a 'Dark Purple' shade, this accessory is detailed with a glossy gold-tone 'J' to match the exaggerated clasps. Keep yours in the dust bag between uses.</p></p>",Jacquemus,accessories,,"NOTFORLTS, ACCESSORIES, ALL PRODUCTS, BAGS, JACQUEMUS, JACQUEMUS, OUR PICKS, WOMENS, Women, All Women",TRUE,Size,O/S,,,,,,,deny,manual,225.0,365.0,,,,https://notorious-plug.com/cdn/shop/files/JACQ_LBP_DP1.png?v=1749565259,1,,,,,,,,,,,,,,,,,,,,,active
jacquemus-le-petit-bambino-dark-purple,,,,,,,,,,,,,,,,,,,,,,,https://notorious-plug.com/cdn/shop/files/JACQ_LBP_DP2.png?v=1749565259,2,,,,,,,,,,,,,,,,,,,,,
jacquemus-le-petit-bambino-dark-purple,,,,,,,,,,,,,,,,,,,,,,,https://notorious-plug.com/cdn/shop/files/JACQ_LBP_DP3.png?v=1749565259,3,,,,,,,,,,,,,,,,,,,,,
jacquemus-le-petit-bambino-dark-green,JACQUEMUS LE PETIT BAMBINO DARK GREEN,"<p><p>Jacquemus revisits its iconic 'Le Bambino' bag in an irresistible 'Petit' size. Crafted from hand-selected suede leather in a 'Dark Green' shade, this accessory is detailed with a glossy gold-tone 'J' to match the exaggerated clasps. Keep yours in the dust bag between uses.</p></p>",Jacquemus,accessories,,"NOTFORLTS, ACCESSORIES, ALL PRODUCTS, BAGS, JACQUEMUS, JACQUEMUS, OUR PICKS, WOMENS, Women, All Women",TRUE,Size,O/S,,,,,,,deny,manual,225.0,365.0,,,,https://notorious-plug.com/cdn/shop/files/JQ_LPB_DG1.png?v=1749564909,1,,,,,,,,,,,,,,,,,,,,,active
jacquemus-le-petit-bambino-dark-green,,,,,,,,,,,,,,,,,,,,,,,https://notorious-plug.com/cdn/shop/files/JACQ_LBP_DG2.png?v=1749564909,2,,,,,,,,,,,,,,,,,,,,,
jacquemus-bag,JACQUEMUS LE CHIQUITO HOMME BEIGE,"<p><p>Inspired by the original Chiquito by Jacquemus, this masculine version of the mini bag will have you jumping on the paradoxically big trend of late. Presented in leather with the iconic logo, it features a removable shoulder strap with a leather insert, magnetic closure, and an interior card pocket.</p></p>",Notorious Plug,accessories,,"NOTFORLTS, ACCESSORIES, ALL PRODUCTS, BAGS, JACQUEMUS, JACQUEMUS, OUR PICKS, WOMENS, Women, All Women",TRUE,Size,O/S,,,,,,,deny,manual,225.0,465.0,,,,https://notorious-plug.com/cdn/shop/files/JACQ_CHIQUITOHOMME_BEIGE.png?v=1749563367,1,,,,,,,,,,,,,,,,,,,,,active
jacquemus-bag,,,,,,,,,,,,,,,,,,,,,,,https://notorious-plug.com/cdn/shop/files/DBF57DF0-0FA8-4E98-B33B-FF0430D5DEE6.jpg?v=1749563367,2,,,,,,,,,,,,,,,,,,,,,
jacquemus-le-chiquito-homme-dark-beige,JACQUEMUS LE CHIQUITO HOMME DARK BEIGE,"<p><p>Inspired by the original Chiquito by Jacquemus, this masculine version of the mini bag will have you jumping on the paradoxically big trend of late. Presented in leather with the iconic logo, it features a removable shoulder strap with a leather insert, magnetic closure, and an interior card pocket.</p></p>",Jacquemus,accessories,,"NOTFORLTS, ACCESSORIES, ALL PRODUCTS, BAGS, JACQUEMUS, JACQUEMUS, OUR PICKS, WOMENS, Women, All Women",TRUE,Size,O/S,,,,,,,deny,manual,250.0,535.0,,,,https://notorious-plug.com/cdn/shop/files/JQ_HOMMEBEIGE1.png?v=1748342242,1,,,,,,,,,,,,,,,,,,,,,active
jacquemus-le-chiquito-homme-dark-beige,,,,,,,,,,,,,,,,,,,,,,,https://notorious-plug.com/cdn/shop/files/JQ_HOMMEBEIGE2.png?v=1748342242,2,,,,,,,,,,,,,,,,,,,,,
jacquemus-le-chiquito-homme-dark-beige,,,,,,,,,,,,,,,,,,,,,,,https://notorious-plug.com/cdn/shop/files/JQ_HOMMEBEIGE3.png?v=1748342242,3,,,,,,,,,,,,,,,,,,,,,
jacquemus-le-chiquito-homme-light-khaki,JACQUEMUS LE CHIQUITO HOMME LIGHT KHAKI,"<p><p>Inspired by the original Chiquito by Jacquemus, this masculine version of the mini bag will have you jumping on the paradoxically big trend of late. Presented in leather with the iconic logo, it features a removable shoulder strap with a leather insert, magnetic closure, and an interior card pocket.</p></p>",Jacquemus,accessories,,"NOTFORLTS, ACCESSORIES, ALL PRODUCTS, BAGS, JACQUEMUS, JACQUEMUS, OUR PICKS, WOMENS, Women, All Women",TRUE,Size,O/S,,,,,,,deny,manual,225.0,450.0,,,,https://notorious-plug.com/cdn/shop/files/JQ_LKHAKIHOMME1.png?v=1748341435,1,,,,,,,,,,,,,,,,,,,,,active
jacquemus-le-chiquito-homme-light-khaki,,,,,,,,,,,,,,,,,,,,,,,https://notorious-plug.com/cdn/shop/files/JQ_LKHAKIHOMME2.png?v=1748341434,2,,,,,,,,,,,,,,,,,,,,,
jacquemus-le-chiquito-homme-light-khaki,,,,,,,,,,,,,,,,,,,,,,,https://notorious-plug.com/cdn/shop/files/JQ_LKHAKIHOMME3.png?v=1748341434,3,,,,,,,,,,,,,,,,,,,,,
jacquemus-le-chiquito-homme-light-khaki,,,,,,,,,,,,,,,,,,,,,,,https://notorious-plug.com/cdn/shop/files/JQ_LKHAKIHOMME4.png?v=1748341434,4,,,,,,,,,,,,,,,,,,,,,
jacquemus-le-chiquito-noeud-light-pink,JACQUEMUS LE CHIQUITO NOEUD LIGHT PINK,"<p><p>Jacquemus' cult 'Le Chiquito' bags are never in stock for long, so you won't want to leave this one lingering in your wish list. Made from smooth leather, it has a structured shape, an artfully twisted handle, and a longer shoulder strap. Match any jewelry to the gold designer lettering.</p><br/>100% Leather</p>",Jacquemus,accessories,,"NOTFORLTS, ACCESSORIES, ALL PRODUCTS, BAGS, JACQUEMUS, JACQUEMUS, OUR PICKS, WOMENS, Women, All Women",TRUE,Size,O/S,,,,,,,deny,manual,375.0,745.0,,,,https://notorious-plug.com/cdn/shop/files/JQ_NOUED_LPINK.png?v=1748334414,1,,,,,,,,,,,,,,,,,,,,,active
jacquemus-le-chiquito-noeud-light-pink,,,,,,,,,,,,,,,,,,,,,,,https://notorious-plug.com/cdn/shop/files/JQ_NOUED_LPINK2.png?v=1748334414,2,,,,,,,,,,,,,,,,,,,,,
jacquemus-le-chiquito-noeud-light-pink,,,,,,,,,,,,,,,,,,,,,,,https://notorious-plug.com/cdn/shop/files/JQ_NOUED_LPINK3.png?v=1748334415,3,,,,,,,,,,,,,,,,,,,,,
jacquemus-le-chiquito-noeud-light-pink,,,,,,,,,,,,,,,,,,,,,,,https://notorious-plug.com/cdn/shop/files/JQ_NOUED_LPINK4.png?v=1748334415,4,,,,,,,,,,,,,,,,,,,,,
jacquemus-le-chiquito-noeud-light-pink,,,,,,,,,,,,,,,,,,,,,,,https://notorious-plug.com/cdn/shop/files/JQ_NOUED_LPINK5.png?v=1748334414,5,,,,,,,,,,,,,,,,,,,,,
nike-dunk-high-1985-green-denim,NIKE DUNK HIGH 1985 GREEN DENIM,"<p><p>Worn well and well-worn, the Dunk returns once again to match the original shape, look and feel of the '85 high top. Sun-washed Enamel Green denim brings the Americana flair. Raw-edge detailing and contrast stitching add a free-spirited look to any 'fit. And the aged midsole delivers a little hook-shot spirit back to the streets. Lace up and take your game anywhere—in cushioned high-top comfort.</p></p>",Nike,all-products-2,,"NOTFORLTS, ALL PRODUCTS, FOOTWEAR, NIKE, OUR PICKS, SNEAKERS, WOMENS, Women, All Women",TRUE,Size,US 5 (W),,,DV1143-300,,,,deny,manual,65.0,125.0,,,,https://notorious-plug.com/cdn/shop/files/DUNK_GREEN1.png?v=1737488263,1,,,,,,,,,,,,,,,,,,,,,active
nike-dunk-high-1985-green-denim,,,,,,,,,,,,,,,,,,,,,,,https://notorious-plug.com/cdn/shop/files/DUNK_GREEN2.png?v=1737488261,2,,,,,,,,,,,,,,,,,,,,,
nike-dunk-high-1985-green-denim,,,,,,,,,US 5.5 (W),,,DV1143-300,,,,deny,manual,65.0,125.0,,,,https://notorious-plug.com/cdn/shop/files/DUNK_GREEN1.png?v=1737488263,1,,,,,,,,,,,,,,,,,,,,,active
nike-dunk-high-1985-green-denim,,,,,,,,,,,,,,,,,,,,,,,https://notorious-plug.com/cdn/shop/files/DUNK_GREEN2.png?v=1737488261,2,,,,,,,,,,,,,,,,,,,,,
nike-dunk-high-1985-green-denim,,,,,,,,,US 6 (W),,,DV1143-300,,,,deny,manual,65.0,125.0,,,,https://notorious-plug.com/cdn/shop/files/DUNK_GREEN1.png?v=1737488263,1,,,,,,,,,,,,,,,,,,,,,active
nike-dunk-high-1985-green-denim,,,,,,,,,,,,,,,,,,,,,,,https://notorious-plug.com/cdn/shop/files/DUNK_GREEN2.png?v=1737488261,2,,,,,,,,,,,,,,,,,,,,,
nike-dunk-high-1985-green-denim,,,,,,,,,US 6.5 (W),,,DV1143-300,,,,deny,manual,65.0,125.0,,,,https://notorious-plug.com/cdn/shop/files/DUNK_GREEN1.png?v=1737488263,1,,,,,,,,,,,,,,,,,,,,,active
nike-dunk-high-1985-green-denim,,,,,,,,,,,,,,,,,,,,,,,https://notorious-plug.com/cdn/shop/files/DUNK_GREEN2.png?v=1737488261,2,,,,,,,,,,,,,,,,,,,,,
nike-dunk-high-1985-green-denim,,,,,,,,,US 7 (W),,,DV1143-300,,,,deny,manual,65.0,125.0,,,,https://notorious-plug.com/cdn/shop/files/DUNK_GREEN1.png?v=1737488263,1,,,,,,,,,,,,,,,,,,,,,active
nike-dunk-high-1985-green-denim,,,,,,,,,,,,,,,,,,,,,,,https://notorious-plug.com/cdn/shop/files/DUNK_GREEN2.png?v=1737488261,2,,,,,,,,,,,,,,,,,,,,,
nike-dunk-high-1985-green-denim,,,,,,,,,US 9 (W),,,DV1143-300,,,,deny,manual,65.0,125.0,,,,https://notorious-plug.com/cdn/shop/files/DUNK_GREEN1.png?v=1737488263,1,,,,,,,,,,,,,,,,,,,,,active
nike-dunk-high-1985-green-denim,,,,,,,,,,,,,,,,,,,,,,,https://notorious-plug.com/cdn/shop/files/DUNK_GREEN2.png?v=1737488261,2,,,,,,,,,,,,,,,,,,,,,
nike-dunk-high-1985-green-denim,,,,,,,,,US 9.5 (W),,,DV1143-300,,,,deny,manual,65.0,125.0,,,,https://notorious-plug.com/cdn/shop/files/DUNK_GREEN1.png?v=1737488263,1,,,,,,,,,,,,,,,,,,,,,active
nike-dunk-high-1985-green-denim,,,,,,,,,,,,,,,,,,,,,,,https://notorious-plug.com/cdn/shop/files/DUNK_GREEN2.png?v=1737488261,2,,,,,,,,,,,,,,,,,,,,,
nike-dunk-high-1985-green-denim,,,,,,,,,US 10.5 (W),,,DV1143-300,,,,deny,manual,65.0,125.0,,,,https://notorious-plug.com/cdn/shop/files/DUNK_GREEN1.png?v=1737488263,1,,,,,,,,,,,,,,,,,,,,,active
nike-dunk-high-1985-green-denim,,,,,,,,,,,,,,,,,,,,,,,https://notorious-plug.com/cdn/shop/files/DUNK_GREEN2.png?v=1737488261,2,,,,,,,,,,,,,,,,,,,,,
nike-air-max-1-87-qs-gorge-green,NIKE AIR MAX 1 '87 QS GORGE GREEN,"<p><p>Use size chart in pictures to choose correct size.</p><br/><p>Make the team with the Air Max 1 Obsidian. Dressed in varsity hues, the suede and nylon upper delivers a sporty finish, while embroidered accents put extra pep in your step. The Gum outsole completes your 'fit with vintage style. Fast-paced looks, tried-and-tested cushioning and that classic wavy mudguard—no wonder it's reigned supreme since 1987.</p></p>",Notorious Plug,all-products-2,,"NOTFORLTS, ALL PRODUCTS, FOOTWEAR, NIKE, OUR PICKS, SNEAKERS, WOMENS, Women, All Women",TRUE,Size,US 5 (W),,,DV3887-400,,,,deny,manual,85.0,155.0,,,,https://notorious-plug.com/cdn/shop/files/AIRMAX_DV3887_1.png?v=1737474596,1,,,,,,,,,,,,,,,,,,,,,active
nike-air-max-1-87-qs-gorge-green,,,,,,,,,,,,,,,,,,,,,,,https://notorious-plug.com/cdn/shop/files/AIRMAX_DV3887_2.png?v=1737474596,2,,,,,,,,,,,,,,,,,,,,,
nike-air-max-1-87-qs-gorge-green,,,,,,,,,,,,,,,,,,,,,,,https://notorious-plug.com/cdn/shop/files/NIKESIZECHAT1.png?v=1737977478,3,,,,,,,,,,,,,,,,,,,,,
nike-air-max-1-87-qs-gorge-green,,,,,,,,,US 5.5 (W),,,DV3887-400,,,,deny,manual,85.0,155.0,,,,https://notorious-plug.com/cdn/shop/files/AIRMAX_DV3887_1.png?v=1737474596,1,,,,,,,,,,,,,,,,,,,,,active
nike-air-max-1-87-qs-gorge-green,,,,,,,,,,,,,,,,,,,,,,,https://notorious-plug.com/cdn/shop/files/AIRMAX_DV3887_2.png?v=1737474596,2,,,,,,,,,,,,,,,,,,,,,
nike-air-max-1-87-qs-gorge-green,,,,,,,,,,,,,,,,,,,,,,,https://notorious-plug.com/cdn/shop/files/NIKESIZECHAT1.png?v=1737977478,3,,,,,,,,,,,,,,,,,,,,,
nike-air-max-1-87-qs-gorge-green,,,,,,,,,US 6.5 (W),,,DV3887-400,,,,deny,manual,85.0,155.0,,,,https://notorious-plug.com/cdn/shop/files/AIRMAX_DV3887_1.png?v=1737474596,1,,,,,,,,,,,,,,,,,,,,,active
nike-air-max-1-87-qs-gorge-green,,,,,,,,,,,,,,,,,,,,,,,https://notorious-plug.com/cdn/shop/files/AIRMAX_DV3887_2.png?v=1737474596,2,,,,,,,,,,,,,,,,,,,,,
nike-air-max-1-87-qs-gorge-green,,,,,,,,,,,,,,,,,,,,,,,https://notorious-plug.com/cdn/shop/files/NIKESIZECHAT1.png?v=1737977478,3,,,,,,,,,,,,,,,,,,,,,
nike-air-max-1-87-qs-gorge-green,,,,,,,,,US 7 (W),,,DV3887-400,,,,deny,manual,85.0,155.0,,,,https://notorious-plug.com/cdn/shop/files/AIRMAX_DV3887_1.png?v=1737474596,1,,,,,,,,,,,,,,,,,,,,,active
nike-air-max-1-87-qs-gorge-green,,,,,,,,,,,,,,,,,,,,,,,https://notorious-plug.com/cdn/shop/files/AIRMAX_DV3887_2.png?v=1737474596,2,,,,,,,,,,,,,,,,,,,,,
nike-air-max-1-87-qs-gorge-green,,,,,,,,,,,,,,,,,,,,,,,https://notorious-plug.com/cdn/shop/files/NIKESIZECHAT1.png?v=1737977478,3,,,,,,,,,,,,,,,,,,,,,
nike-air-max-1-87-qs-gorge-green,,,,,,,,,US 7.5 (W),,,DV3887-400,,,,deny,manual,85.0,155.0,,,,https://notorious-plug.com/cdn/shop/files/AIRMAX_DV3887_1.png?v=1737474596,1,,,,,,,,,,,,,,,,,,,,,active
nike-air-max-1-87-qs-gorge-green,,,,,,,,,,,,,,,,,,,,,,,https://notorious-plug.com/cdn/shop/files/AIRMAX_DV3887_2.png?v=1737474596,2,,,,,,,,,,,,,,,,,,,,,
nike-air-max-1-87-qs-gorge-green,,,,,,,,,,,,,,,,,,,,,,,https://notorious-plug.com/cdn/shop/files/NIKESIZECHAT1.png?v=1737977478,3,,,,,,,,,,,,,,,,,,,,,
nike-air-max-1-87-qs-gorge-green,,,,,,,,,US 8 (W),,,DV3887-400,,,,deny,manual,85.0,155.0,,,,https://notorious-plug.com/cdn/shop/files/AIRMAX_DV3887_1.png?v=1737474596,1,,,,,,,,,,,,,,,,,,,,,active
nike-air-max-1-87-qs-gorge-green,,,,,,,,,,,,,,,,,,,,,,,https://notorious-plug.com/cdn/shop/files/AIRMAX_DV3887_2.png?v=1737474596,2,,,,,,,,,,,,,,,,,,,,,
nike-air-max-1-87-qs-gorge-green,,,,,,,,,,,,,,,,,,,,,,,https://notorious-plug.com/cdn/shop/files/NIKESIZECHAT1.png?v=1737977478,3,,,,,,,,,,,,,,,,,,,,,
nike-air-max-1-87-qs-gorge-green,,,,,,,,,US 8.5 (W),,,DV3887-400,,,,deny,manual,85.0,155.0,,,,https://notorious-plug.com/cdn/shop/files/AIRMAX_DV3887_1.png?v=1737474596,1,,,,,,,,,,,,,,,,,,,,,active
nike-air-max-1-87-qs-gorge-green,,,,,,,,,,,,,,,,,,,,,,,https://notorious-plug.com/cdn/shop/files/AIRMAX_DV3887_2.png?v=1737474596,2,,,,,,,,,,,,,,,,,,,,,
nike-air-max-1-87-qs-gorge-green,,,,,,,,,,,,,,,,,,,,,,,https://notorious-plug.com/cdn/shop/files/NIKESIZECHAT1.png?v=1737977478,3,,,,,,,,,,,,,,,,,,,,,
nike-air-max-1-87-qs-gorge-green,,,,,,,,,US 9 (W),,,DV3887-400,,,,deny,manual,85.0,155.0,,,,https://notorious-plug.com/cdn/shop/files/AIRMAX_DV3887_1.png?v=1737474596,1,,,,,,,,,,,,,,,,,,,,,active
nike-air-max-1-87-qs-gorge-green,,,,,,,,,,,,,,,,,,,,,,,https://notorious-plug.com/cdn/shop/files/AIRMAX_DV3887_2.png?v=1737474596,2,,,,,,,,,,,,,,,,,,,,,
nike-air-max-1-87-qs-gorge-green,,,,,,,,,,,,,,,,,,,,,,,https://notorious-plug.com/cdn/shop/files/NIKESIZECHAT1.png?v=1737977478,3,,,,,,,,,,,,,,,,,,,,,
nike-air-max-1-87-qs-gorge-green,,,,,,,,,US 9.5 (W),,,DV3887-400,,,,deny,manual,85.0,155.0,,,,https://notorious-plug.com/cdn/shop/files/AIRMAX_DV3887_1.png?v=1737474596,1,,,,,,,,,,,,,,,,,,,,,active
nike-air-max-1-87-qs-gorge-green,,,,,,,,,,,,,,,,,,,,,,,https://notorious-plug.com/cdn/shop/files/AIRMAX_DV3887_2.png?v=1737474596,2,,,,,,,,,,,,,,,,,,,,,
nike-air-max-1-87-qs-gorge-green,,,,,,,,,,,,,,,,,,,,,,,https://notorious-plug.com/cdn/shop/files/NIKESIZECHAT1.png?v=1737977478,3,,,,,,,,,,,,,,,,,,,,,
nike-air-max-1-87-qs-gorge-green,,,,,,,,,US 10 (W),,,DV3887-400,,,,deny,manual,85.0,155.0,,,,https://notorious-plug.com/cdn/shop/files/AIRMAX_DV3887_1.png?v=1737474596,1,,,,,,,,,,,,,,,,,,,,,active
nike-air-max-1-87-qs-gorge-green,,,,,,,,,,,,,,,,,,,,,,,https://notorious-plug.com/cdn/shop/files/AIRMAX_DV3887_2.png?v=1737474596,2,,,,,,,,,,,,,,,,,,,,,
nike-air-max-1-87-qs-gorge-green,,,,,,,,,,,,,,,,,,,,,,,https://notorious-plug.com/cdn/shop/files/NIKESIZECHAT1.png?v=1737977478,3,,,,,,,,,,,,,,,,,,,,,
nike-air-max-1-87-qs-gorge-green,,,,,,,,,US 13 (W),,,DV3887-400,,,,deny,manual,85.0,155.0,,,,https://notorious-plug.com/cdn/shop/files/AIRMAX_DV3887_1.png?v=1737474596,1,,,,,,,,,,,,,,,,,,,,,active
nike-air-max-1-87-qs-gorge-green,,,,,,,,,,,,,,,,,,,,,,,https://notorious-plug.com/cdn/shop/files/AIRMAX_DV3887_2.png?v=1737474596,2,,,,,,,,,,,,,,,,,,,,,
nike-air-max-1-87-qs-gorge-green,,,,,,,,,,,,,,,,,,,,,,,https://notorious-plug.com/cdn/shop/files/NIKESIZECHAT1.png?v=1737977478,3,,,,,,,,,,,,,,,,,,,,,
jacquemus-le-chiquito-orange,JACQUEMUS LE CHIQUITO HOMME ORANGE,<p><p>Signature mini handbag<br/><br/>- Suede leather structured bag<br/>- Reinforced handle<br/>- Magnetic flap closure<br/>- Long removable strap<br/>- Engraved lobster clip<br/>- Gold metal logo and hardware<br/>- Fully lined in cotton<br/>- Dyed edges<br/>- 12 x 9 cm</p><br/><br/>100% Cowskin<br/>Made in Italy<br/></p>,Jacquemus,accessories,,"NOTFORLTS, ACCESSORIES, ALL PRODUCTS, BAGS, JACQUEMUS, JACQUEMUS, OUR PICKS, WOMENS, Women, All Women",TRUE,Size,O/S,,,215BA001-3040-750,,,,deny,manual,225.0,450.0,,,,https://notorious-plug.com/cdn/shop/files/JQ_ORANGEHOME1.png?v=1748341784,1,,,,,,,,,,,,,,,,,,,,,active
jacquemus-le-chiquito-orange,,,,,,,,,,,,,,,,,,,,,,,https://notorious-plug.com/cdn/shop/files/JQ_ORANGEHOMME2.png?v=1748341784,2,,,,,,,,,,,,,,,,,,,,,
jacquemus-le-chiquito-orange,,,,,,,,,,,,,,,,,,,,,,,https://notorious-plug.com/cdn/shop/files/JCQ_LECHIQUITO_ORANGE2.png?v=1748341784,3,,,,,,,,,,,,,,,,,,,,,
jacquemus-le-chiquito-orange,,,,,,,,,,,,,,,,,,,,,,,https://notorious-plug.com/cdn/shop/files/JCQ_LECHIQUITO_ORANGE.png?v=1748341784,4,,,,,,,,,,,,,,,,,,,,,
jacquemus-le-chiquito-yellow,JACQUEMUS LE CHIQUITO YELLOW,<p><p>Signature mini handbag<br/><br/>- Suede leather structured bag<br/>- Reinforced handle<br/>- Magnetic flap closure<br/>- Long removable strap<br/>- Engraved lobster clip<br/>- Gold metal logo and hardware<br/>- Fully lined in cotton<br/>- Dyed edges<br/>- 12 x 9 cm</p><br/><br/>100% Cowskin<br/>Made in Italy<br/></p>,Jacquemus,accessories,,"NOTFORLTS, ACCESSORIES, ALL PRODUCTS, BAGS, JACQUEMUS, JACQUEMUS, OUR PICKS, WOMENS, Women, All Women",TRUE,Size,O/S,,,213BA001-3061-250,,,,deny,manual,200.0,520.0,,,,https://notorious-plug.com/cdn/shop/files/JCQ_LECHIQUITO_YELLOW.png?v=1737388977,1,,,,,,,,,,,,,,,,,,,,,active
jacquemus-le-chiquito-yellow,,,,,,,,,,,,,,,,,,,,,,,https://notorious-plug.com/cdn/shop/files/JCQ_LECHIQUITO_YELLOW2.png?v=1737388976,2,,,,,,,,,,,,,,,,,,,,,
jacquemus-le-chiquito-yellow,,,,,,,,,,,,,,,,,,,,,,,https://notorious-plug.com/cdn/shop/files/JCQ_LECHIQUITO_YELLOW3.png?v=1737388976,3,,,,,,,,,,,,,,,,,,,,,
jacquemus-le-chiquito-moyen-light-green,JACQUEMUS LE CHIQUITO MOYEN LIGHT GREEN,<p><p>Buffed leather top handle bag in green. Logo hardware at face. · Rolled carry handle at top · Adjustable and detachable shoulder strap · Foldover flap with magnetic press-stud closure · Card slot and leather logo patch at interior · Twill lining in beige · Gold-tone hardware · H5.5 x W7 x D3.25 in Supplier color: Light green</p></p>,Jacquemus,accessories,,"NOTFORLTS, ACCESSORIES, ALL PRODUCTS, BAGS, JACQUEMUS, JACQUEMUS, OUR PICKS, WOMENS, Women, All Women",TRUE,Size,O/S,,,213BA002-3060-510,,,,deny,manual,350.0,710.0,,,,https://notorious-plug.com/cdn/shop/files/JCQ_LECHIQUITO_MOYEN_LG.png?v=1737222112,1,,,,,,,,,,,,,,,,,,,,,active
jacquemus-le-chiquito-moyen-light-green,,,,,,,,,,,,,,,,,,,,,,,https://notorious-plug.com/cdn/shop/files/JCQ_LECHIQUITO_MOYEN_LG2.png?v=1737222114,2,,,,,,,,,,,,,,,,,,,,,
jacquemus-le-chiquito-moyen-light-green,,,,,,,,,,,,,,,,,,,,,,,https://notorious-plug.com/cdn/shop/files/JCQ_LECHIQUITO_MOYEN_LG3.png?v=1737222113,3,,,,,,,,,,,,,,,,,,,,,
jacquemus-le-carinu-white,JACQUEMUS LE CARINU WHITE,"<p><p>The Le Carinu. It’s sculpted from buttery smooth leather to a sleek, boxy profile that’s stripped back of any fussy details, save for the wide shoulder strap and the French label’s moniker in gold-tone lettering across the front.</p><br/>100% cow leather; lining 100% cotton</p>",Jacquemus,accessories,,"NOTFORLTS, ACCESSORIES, ALL PRODUCTS, BAGS, JACQUEMUS, JACQUEMUS, OUR PICKS, WOMENS, Women, All Women",TRUE,Size,O/S,,,,,,,deny,manual,275.0,540.0,,,,https://notorious-plug.com/cdn/shop/files/JCQ_LECARINU_WHITE.png?v=1737221766,1,,,,,,,,,,,,,,,,,,,,,active
jacquemus-le-carinu-white,,,,,,,,,,,,,,,,,,,,,,,https://notorious-plug.com/cdn/shop/files/JCQ_LECARINU_WHITE3.png?v=1737221766,2,,,,,,,,,,,,,,,,,,,,,
jacquemus-le-carinu-white,,,,,,,,,,,,,,,,,,,,,,,https://notorious-plug.com/cdn/shop/files/JCQ_LECARINU_WHITE4.png?v=1737221767,3,,,,,,,,,,,,,,,,,,,,,
jacquemus-le-carinu-white,,,,,,,,,,,,,,,,,,,,,,,https://notorious-plug.com/cdn/shop/files/JCQ_LECARINU_WHITE2.png?v=1737221765,4,,,,,,,,,,,,,,,,,,,,,
jacquemus-le-carinu-pink,JACQUEMUS LE CARINU PINK,"<p><p>The Le Carinu. It’s sculpted from buttery smooth leather to a sleek, boxy profile that’s stripped back of any fussy details, save for the wide shoulder strap and the French label’s moniker in gold-tone lettering across the front.</p><br/>100% cow leather; lining 100% cotton</p>",Jacquemus,accessories,,"NOTFORLTS, ACCESSORIES, ALL PRODUCTS, BAGS, JACQUEMUS, JACQUEMUS, OUR PICKS, WOMENS, Women, All Women",TRUE,Size,O/S,,,213BA08-300-450,,,,deny,manual,275.0,540.0,,,,https://notorious-plug.com/cdn/shop/files/JCQ_LECARINUPINK1.png?v=1737468008,1,,,,,,,,,,,,,,,,,,,,,active
jacquemus-le-carinu-pink,,,,,,,,,,,,,,,,,,,,,,,https://notorious-plug.com/cdn/shop/files/JCQ_LECARINUPINK2.png?v=1737468008,2,,,,,,,,,,,,,,,,,,,,,
jacquemus-le-carinu-pink,,,,,,,,,,,,,,,,,,,,,,,https://notorious-plug.com/cdn/shop/files/JCQ_LECARINUPINK3.png?v=1737468008,3,,,,,,,,,,,,,,,,,,,,,
jacquemus-le-carinu-pink,,,,,,,,,,,,,,,,,,,,,,,https://notorious-plug.com/cdn/shop/files/JCQ_LECARINUPINK4.png?v=1737468008,4,,,,,,,,,,,,,,,,,,,,,
jacquemus-le-chiquito-noeud-yellow,JACQUEMUS LE CHIQUITO NOEUD YELLOW,"<p><p>Coiled leather handbag<br/><br/>- Extendable top handle that can be wrapped and snapped closed<br/>- Magnetic flap closure<br/>- Long removable strap<br/>- Interior pocket<br/>- Gold metal logo and hardware<br/>- Fully lined<br/>- Painted edges<br/>- 18 x 13,5 cm<br/><br/>Each leather is unique and has been carefully selected by our team. Its irregularities and color variations are natural. To preserve the original condition of this piece, we recommend keeping it out of the sun and away from cosmetics, water and heat sources. It can be stored in its pouch in a dry place.</p><br/><br/>100% Leather<br/></p>",Jacquemus,accessories,,"NOTFORLTS, ACCESSORIES, ALL PRODUCTS, BAGS, JACQUEMUS, JACQUEMUS, OUR PICKS, WOMENS, Women, All Women",TRUE,Size,O/S,,,213BA005-3032-250,,,,deny,manual,375.0,740.0,,,,https://notorious-plug.com/cdn/shop/files/JCQ_LECHIQUITOND_YELLOW.png?v=1737217662,1,,,,,,,,,,,,,,,,,,,,,active
jacquemus-le-chiquito-noeud-yellow,,,,,,,,,,,,,,,,,,,,,,,https://notorious-plug.com/cdn/shop/files/JCQ_LECHIQUITOND_YELLOW2.png?v=1737217663,2,,,,,,,,,,,,,,,,,,,,,
jacquemus-le-chiquito-light-green,JACQUEMUS LE CHIQUITO LIGHT GREEN,<p><p>Signature mini handbag<br/><br/>- Smooth leather structured bag<br/>- Reinforced handle<br/>- Magnetic flap closure<br/>- Long removable strap<br/>- Engraved lobster clip<br/>- Gold metal logo and hardware<br/>- Fully lined in cotton<br/>- Dyed edges<br/>- 12 x 9 cm</p><br/><br/>100% Cowskin<br/>Made in Italy<br/></p>,Jacquemus,accessories,,"NOTFORLTS, ACCESSORIES, ALL PRODUCTS, BAGS, JACQUEMUS, JACQUEMUS, OUR PICKS, WOMENS, Women, All Women",TRUE,Size,O/S,,,213BA001-3028-510,,,,deny,manual,250.0,520.0,,,,https://notorious-plug.com/cdn/shop/files/JCQ_LECHIQUITO_LTGREEN.png?v=1737215982,1,,,,,,,,,,,,,,,,,,,,,active
jacquemus-le-chiquito-light-green,,,,,,,,,,,,,,,,,,,,,,,https://notorious-plug.com/cdn/shop/files/JCQ_LECHIQUITO_LTGREEN2.png?v=1737215981,2,,,,,,,,,,,,,,,,,,,,,
