Handle,Title,Body (HTML),Vendor,Product Category,Type,Tags,Published,Option1 Name,Option1 Value,Variant SKU,Variant Grams,Variant Inventory Tracker,Variant Inventory Qty,Variant Inventory Policy,Variant Fulfillment Service,Variant Price,Variant Compare At Price,Variant Requires Shipping,Variant Taxable,Variant Barcode,Image Src,Image Position,Image Alt Text,Gift Card,SEO Title,SEO Description,Google Shopping / Google Product Category,Google Shopping / Gender,Google Shopping / Age Group,Google Shopping / MPN,Google Shopping / Condition,Google Shopping / Custom Product,Variant Image,Variant Weight Unit,Variant Tax Code,Cost per item,Included / United States,Price / United States,Compare At Price / United States,Included / International,Price / International,Compare At Price / International,Status
fendi-bug-eye-swim-shorts-blue,FENDI BUG EYE SWIM SHORTS BLUE,"Crafted in Italy, these playful Bag Bugs print swim shorts from Fendi are perfect for you next summer destination. Featuring an elasticated waistband and side seam pockets.",Fendi,,Bottoms,"ALL PRODUCTS, BOTTOMS, CLOTHING, FENDI, OUR PICKS, SWIMWEAR, VIEW ALL CLOTHING, Men, All Mens Clothing",TRUE,Size,XS,,,,,shopify,manual,125.0,425.0,,,,https://notorious-plug.com/cdn/shop/products/image.heic?v=1647607224,1,,,,,,,,,,,,,,,,,,,,,active
fendi-bug-eye-swim-shorts-blue,,,,,,,,Size,XS,,,,,shopify,manual,125.0,425.0,,,,https://notorious-plug.com/cdn/shop/products/image_1efc4a6b-b0a7-41d4-8fd7-44a93e0b7038.heic?v=1647607232,2,,,,,,,,,,,,,,,,,,,,,active
fendi-bug-eye-swim-shorts-blue,,,,,,,,Size,XS,,,,,shopify,manual,125.0,425.0,,,,https://notorious-plug.com/cdn/shop/products/image_56168002-1991-468c-ad08-2a040299ad21.heic?v=1647607243,3,,,,,,,,,,,,,,,,,,,,,active
fendi-bug-eye-swim-shorts-blue,,,,,,,,Size,XS,,,,,shopify,manual,125.0,425.0,,,,https://notorious-plug.com/cdn/shop/products/image_f5a2f602-b9ef-429c-9535-155a8872613a.heic?v=1647607247,4,,,,,,,,,,,,,,,,,,,,,active
amiri-crystal-ball-tee-black-1,AMIRI CRYSTAL BALL TEE BLACK,"<p>Throughout AMIRI’s Spring/Summer 2023 collection, you’ll see myriad references to the occult and the art of fortune telling – with the crystal ball graphic that defines this T-shirt perhaps being the most obvious. It’s this ability to find inspiration in time-honoured art and practices and render it suited to the streetwear crowd that confirms the label’s cult status season after season.</p>",Amiri,,T-Shirts,"ALL PRODUCTS, AMIRI, CLOTHING, OUR PICKS, T-SHIRTS, VIEW ALL CLOTHING, Men, All Mens Clothing",TRUE,Size,S,PS23MJG007-001-S,,,,shopify,manual,199.0,470.0,,,,https://notorious-plug.com/cdn/shop/files/AMIRICRYSTALBALLT1.png?v=1704726615,1,,,,,,,,,,,,,,,,,,,,,active
amiri-crystal-ball-tee-black-1,,,,,,,,Size,S,PS23MJG007-001-S,,,,shopify,manual,199.0,470.0,,,,https://notorious-plug.com/cdn/shop/files/AMIRICRYSTALBALLT2.png?v=1704726615,2,,,,,,,,,,,,,,,,,,,,,active
amiri-crystal-ball-tee-black-1,,,,,,,TRUE,Size,L,PS23MJG007-001-L,,,,shopify,manual,199.0,470.0,,,,https://notorious-plug.com/cdn/shop/files/AMIRICRYSTALBALLT1.png?v=1704726615,1,,,,,,,,,,,,,,,,,,,,,active
amiri-crystal-ball-tee-black-1,,,,,,,,Size,L,PS23MJG007-001-L,,,,shopify,manual,199.0,470.0,,,,https://notorious-plug.com/cdn/shop/files/AMIRICRYSTALBALLT2.png?v=1704726615,2,,,,,,,,,,,,,,,,,,,,,active
amiri-crystal-ball-tee-black-1,,,,,,,TRUE,Size,XL,PS23MJG007-001-XL,,,,shopify,manual,199.0,470.0,,,,https://notorious-plug.com/cdn/shop/files/AMIRICRYSTALBALLT1.png?v=1704726615,1,,,,,,,,,,,,,,,,,,,,,active
amiri-crystal-ball-tee-black-1,,,,,,,,Size,XL,PS23MJG007-001-XL,,,,shopify,manual,199.0,470.0,,,,https://notorious-plug.com/cdn/shop/files/AMIRICRYSTALBALLT2.png?v=1704726615,2,,,,,,,,,,,,,,,,,,,,,active
amiri-crystal-ball-tee-black-1,,,,,,,TRUE,Size,XXL,PS23MJG007-001-XXL,,,,shopify,manual,199.0,470.0,,,,https://notorious-plug.com/cdn/shop/files/AMIRICRYSTALBALLT1.png?v=1704726615,1,,,,,,,,,,,,,,,,,,,,,active
amiri-crystal-ball-tee-black-1,,,,,,,,Size,XXL,PS23MJG007-001-XXL,,,,shopify,manual,199.0,470.0,,,,https://notorious-plug.com/cdn/shop/files/AMIRICRYSTALBALLT2.png?v=1704726615,2,,,,,,,,,,,,,,,,,,,,,active
amiri-crystal-ball-tee-white,AMIRI CRYSTAL BALL TEE WHITE,"<p>Throughout AMIRI’s Spring/Summer 2023 collection, you’ll see myriad references to the occult and the art of fortune telling – with the crystal ball graphic that defines this T-shirt perhaps being the most obvious. It’s this ability to find inspiration in time-honoured art and practices and render it suited to the streetwear crowd that confirms the label’s cult status season after season.</p>",Amiri,,T-Shirts,"NOTFORLTS, ALL PRODUCTS, AMIRI, CLOTHING, OUR PICKS, T-SHIRTS, VIEW ALL CLOTHING, Men, All Mens Clothing",TRUE,Size,L,PS23MJG007-100-L,,,,shopify,manual,199.0,470.0,,,,https://notorious-plug.com/cdn/shop/files/CRYSTALBALLWHITE0.png?v=1745333286,1,,,,,,,,,,,,,,,,,,,,,active
amiri-crystal-ball-tee-white,,,,,,,,Size,L,PS23MJG007-100-L,,,,shopify,manual,199.0,470.0,,,,https://notorious-plug.com/cdn/shop/files/CRYSTALBALLWHITE2.png?v=1745333286,2,,,,,,,,,,,,,,,,,,,,,active
amiri-crystal-ball-tee-white,,,,,,,,Size,L,PS23MJG007-100-L,,,,shopify,manual,199.0,470.0,,,,https://notorious-plug.com/cdn/shop/files/CRYSTALBALLWHITE4.png?v=1745333287,3,,,,,,,,,,,,,,,,,,,,,active
amiri-crystal-ball-tee-white,,,,,,,,Size,L,PS23MJG007-100-L,,,,shopify,manual,199.0,470.0,,,,https://notorious-plug.com/cdn/shop/files/CRYSTALBALLWHITE23.png?v=1745333286,4,,,,,,,,,,,,,,,,,,,,,active
amiri-crystal-ball-tee-white,,,,,,,TRUE,Size,XL,PS23MJG007-100-XL,,,,shopify,manual,199.0,470.0,,,,https://notorious-plug.com/cdn/shop/files/CRYSTALBALLWHITE0.png?v=1745333286,1,,,,,,,,,,,,,,,,,,,,,active
amiri-crystal-ball-tee-white,,,,,,,,Size,XL,PS23MJG007-100-XL,,,,shopify,manual,199.0,470.0,,,,https://notorious-plug.com/cdn/shop/files/CRYSTALBALLWHITE2.png?v=1745333286,2,,,,,,,,,,,,,,,,,,,,,active
amiri-crystal-ball-tee-white,,,,,,,,Size,XL,PS23MJG007-100-XL,,,,shopify,manual,199.0,470.0,,,,https://notorious-plug.com/cdn/shop/files/CRYSTALBALLWHITE4.png?v=1745333287,3,,,,,,,,,,,,,,,,,,,,,active
amiri-crystal-ball-tee-white,,,,,,,,Size,XL,PS23MJG007-100-XL,,,,shopify,manual,199.0,470.0,,,,https://notorious-plug.com/cdn/shop/files/CRYSTALBALLWHITE23.png?v=1745333286,4,,,,,,,,,,,,,,,,,,,,,active
amiri-crystal-ball-tee-white,,,,,,,TRUE,Size,XXL,PS23MJG007-100-XXL,,,,shopify,manual,199.0,470.0,,,,https://notorious-plug.com/cdn/shop/files/CRYSTALBALLWHITE0.png?v=1745333286,1,,,,,,,,,,,,,,,,,,,,,active
amiri-crystal-ball-tee-white,,,,,,,,Size,XXL,PS23MJG007-100-XXL,,,,shopify,manual,199.0,470.0,,,,https://notorious-plug.com/cdn/shop/files/CRYSTALBALLWHITE2.png?v=1745333286,2,,,,,,,,,,,,,,,,,,,,,active
amiri-crystal-ball-tee-white,,,,,,,,Size,XXL,PS23MJG007-100-XXL,,,,shopify,manual,199.0,470.0,,,,https://notorious-plug.com/cdn/shop/files/CRYSTALBALLWHITE4.png?v=1745333287,3,,,,,,,,,,,,,,,,,,,,,active
amiri-crystal-ball-tee-white,,,,,,,,Size,XXL,PS23MJG007-100-XXL,,,,shopify,manual,199.0,470.0,,,,https://notorious-plug.com/cdn/shop/files/CRYSTALBALLWHITE23.png?v=1745333286,4,,,,,,,,,,,,,,,,,,,,,active
amiri-crystal-ball-tee-white,,,,,,,TRUE,Size,XXXL,PS23MJG007-100-XXXL,,,,shopify,manual,199.0,470.0,,,,https://notorious-plug.com/cdn/shop/files/CRYSTALBALLWHITE0.png?v=1745333286,1,,,,,,,,,,,,,,,,,,,,,active
amiri-crystal-ball-tee-white,,,,,,,,Size,XXXL,PS23MJG007-100-XXXL,,,,shopify,manual,199.0,470.0,,,,https://notorious-plug.com/cdn/shop/files/CRYSTALBALLWHITE2.png?v=1745333286,2,,,,,,,,,,,,,,,,,,,,,active
amiri-crystal-ball-tee-white,,,,,,,,Size,XXXL,PS23MJG007-100-XXXL,,,,shopify,manual,199.0,470.0,,,,https://notorious-plug.com/cdn/shop/files/CRYSTALBALLWHITE4.png?v=1745333287,3,,,,,,,,,,,,,,,,,,,,,active
amiri-crystal-ball-tee-white,,,,,,,,Size,XXXL,PS23MJG007-100-XXXL,,,,shopify,manual,199.0,470.0,,,,https://notorious-plug.com/cdn/shop/files/CRYSTALBALLWHITE23.png?v=1745333286,4,,,,,,,,,,,,,,,,,,,,,active
amiri-pegasus-tee-black,AMIRI PEGASUS TEE BLACK,"<p>AMIRI Pegasus script logo t-shirt. Crafted from 100% cotton, this crew neck tee is perfect for the summer. The iconic Pegasus script logo adds a touch of luxury and makes it a standout piece. Stay comfortable and stylish all season long.</p>",Amiri,,T-Shirts,"NOTFORLTS, ALL PRODUCTS, AMIRI, CLOTHING, OUR PICKS, T-SHIRTS, VIEW ALL CLOTHING, Men, All Mens Clothing",TRUE,Size,XS,SS23MJG015-001-XS,,,,shopify,manual,199.0,440.0,,,,https://notorious-plug.com/cdn/shop/files/AM1RI_PEGASUSTEE.png?v=1745333537,1,,,,,,,,,,,,,,,,,,,,,active
amiri-pegasus-tee-black,,,,,,,,Size,XS,SS23MJG015-001-XS,,,,shopify,manual,199.0,440.0,,,,https://notorious-plug.com/cdn/shop/files/AM1RI_PEGASUSTEE2.png?v=1745333538,2,,,,,,,,,,,,,,,,,,,,,active
amiri-pegasus-tee-black,,,,,,,,Size,XS,SS23MJG015-001-XS,,,,shopify,manual,199.0,440.0,,,,https://notorious-plug.com/cdn/shop/files/AM1RI_PEGASUSTEE3.png?v=1745333537,3,,,,,,,,,,,,,,,,,,,,,active
amiri-pegasus-tee-black,,,,,,,TRUE,Size,S,SS23MJG015-001-S,,,,shopify,manual,199.0,440.0,,,,https://notorious-plug.com/cdn/shop/files/AM1RI_PEGASUSTEE.png?v=1745333537,1,,,,,,,,,,,,,,,,,,,,,active
amiri-pegasus-tee-black,,,,,,,,Size,S,SS23MJG015-001-S,,,,shopify,manual,199.0,440.0,,,,https://notorious-plug.com/cdn/shop/files/AM1RI_PEGASUSTEE2.png?v=1745333538,2,,,,,,,,,,,,,,,,,,,,,active
amiri-pegasus-tee-black,,,,,,,,Size,S,SS23MJG015-001-S,,,,shopify,manual,199.0,440.0,,,,https://notorious-plug.com/cdn/shop/files/AM1RI_PEGASUSTEE3.png?v=1745333537,3,,,,,,,,,,,,,,,,,,,,,active
amiri-pegasus-tee-black,,,,,,,TRUE,Size,M,SS23MJG015-001-M,,,,shopify,manual,199.0,440.0,,,,https://notorious-plug.com/cdn/shop/files/AM1RI_PEGASUSTEE.png?v=1745333537,1,,,,,,,,,,,,,,,,,,,,,active
amiri-pegasus-tee-black,,,,,,,,Size,M,SS23MJG015-001-M,,,,shopify,manual,199.0,440.0,,,,https://notorious-plug.com/cdn/shop/files/AM1RI_PEGASUSTEE2.png?v=1745333538,2,,,,,,,,,,,,,,,,,,,,,active
amiri-pegasus-tee-black,,,,,,,,Size,M,SS23MJG015-001-M,,,,shopify,manual,199.0,440.0,,,,https://notorious-plug.com/cdn/shop/files/AM1RI_PEGASUSTEE3.png?v=1745333537,3,,,,,,,,,,,,,,,,,,,,,active
amiri-pegasus-tee-black,,,,,,,TRUE,Size,L,SS23MJG015-001-L,,,,shopify,manual,199.0,440.0,,,,https://notorious-plug.com/cdn/shop/files/AM1RI_PEGASUSTEE.png?v=1745333537,1,,,,,,,,,,,,,,,,,,,,,active
amiri-pegasus-tee-black,,,,,,,,Size,L,SS23MJG015-001-L,,,,shopify,manual,199.0,440.0,,,,https://notorious-plug.com/cdn/shop/files/AM1RI_PEGASUSTEE2.png?v=1745333538,2,,,,,,,,,,,,,,,,,,,,,active
amiri-pegasus-tee-black,,,,,,,,Size,L,SS23MJG015-001-L,,,,shopify,manual,199.0,440.0,,,,https://notorious-plug.com/cdn/shop/files/AM1RI_PEGASUSTEE3.png?v=1745333537,3,,,,,,,,,,,,,,,,,,,,,active
amiri-pegasus-tee-black,,,,,,,TRUE,Size,XL,SS23MJG015-001-XL,,,,shopify,manual,199.0,440.0,,,,https://notorious-plug.com/cdn/shop/files/AM1RI_PEGASUSTEE.png?v=1745333537,1,,,,,,,,,,,,,,,,,,,,,active
amiri-pegasus-tee-black,,,,,,,,Size,XL,SS23MJG015-001-XL,,,,shopify,manual,199.0,440.0,,,,https://notorious-plug.com/cdn/shop/files/AM1RI_PEGASUSTEE2.png?v=1745333538,2,,,,,,,,,,,,,,,,,,,,,active
amiri-pegasus-tee-black,,,,,,,,Size,XL,SS23MJG015-001-XL,,,,shopify,manual,199.0,440.0,,,,https://notorious-plug.com/cdn/shop/files/AM1RI_PEGASUSTEE3.png?v=1745333537,3,,,,,,,,,,,,,,,,,,,,,active
amiri-pegasus-tee-black,,,,,,,TRUE,Size,XXL,SS23MJG015-001-XXL,,,,shopify,manual,199.0,440.0,,,,https://notorious-plug.com/cdn/shop/files/AM1RI_PEGASUSTEE.png?v=1745333537,1,,,,,,,,,,,,,,,,,,,,,active
amiri-pegasus-tee-black,,,,,,,,Size,XXL,SS23MJG015-001-XXL,,,,shopify,manual,199.0,440.0,,,,https://notorious-plug.com/cdn/shop/files/AM1RI_PEGASUSTEE2.png?v=1745333538,2,,,,,,,,,,,,,,,,,,,,,active
amiri-pegasus-tee-black,,,,,,,,Size,XXL,SS23MJG015-001-XXL,,,,shopify,manual,199.0,440.0,,,,https://notorious-plug.com/cdn/shop/files/AM1RI_PEGASUSTEE3.png?v=1745333537,3,,,,,,,,,,,,,,,,,,,,,active
amiri-precious-memories-tee-black-1,AMIRI PRECIOUS MEMORIES TEE BLACK,<p>Amiri Short Sleeved Black T-Shirt</p><br/>Logo Design On Front Of TeeRegular Fit100% CottonMade in ItalyAmiri Visible Branding,Amiri,,T-Shirts,"NOTFORLTS, ALL PRODUCTS, AMIRI, CLOTHING, OUR PICKS, T-SHIRTS, VIEW ALL CLOTHING, Men, All Mens Clothing",TRUE,Size,XS,,,,,shopify,manual,199.0,480.0,,,,https://notorious-plug.com/cdn/shop/files/AM1_PRMTEE1.png?v=1734357631,1,,,,,,,,,,,,,,,,,,,,,active
amiri-precious-memories-tee-black-1,,,,,,,,Size,XS,,,,,shopify,manual,199.0,480.0,,,,https://notorious-plug.com/cdn/shop/files/AM1_PRMTEE.png?v=1734357632,2,,,,,,,,,,,,,,,,,,,,,active
amiri-precious-memories-tee-black-1,,,,,,,TRUE,Size,S,,,,,shopify,manual,199.0,480.0,,,,https://notorious-plug.com/cdn/shop/files/AM1_PRMTEE1.png?v=1734357631,1,,,,,,,,,,,,,,,,,,,,,active
amiri-precious-memories-tee-black-1,,,,,,,,Size,S,,,,,shopify,manual,199.0,480.0,,,,https://notorious-plug.com/cdn/shop/files/AM1_PRMTEE.png?v=1734357632,2,,,,,,,,,,,,,,,,,,,,,active
amiri-precious-memories-tee-black-1,,,,,,,TRUE,Size,M,,,,,shopify,manual,199.0,480.0,,,,https://notorious-plug.com/cdn/shop/files/AM1_PRMTEE1.png?v=1734357631,1,,,,,,,,,,,,,,,,,,,,,active
amiri-precious-memories-tee-black-1,,,,,,,,Size,M,,,,,shopify,manual,199.0,480.0,,,,https://notorious-plug.com/cdn/shop/files/AM1_PRMTEE.png?v=1734357632,2,,,,,,,,,,,,,,,,,,,,,active
amiri-precious-memories-tee-black-1,,,,,,,TRUE,Size,L,,,,,shopify,manual,199.0,480.0,,,,https://notorious-plug.com/cdn/shop/files/AM1_PRMTEE1.png?v=1734357631,1,,,,,,,,,,,,,,,,,,,,,active
amiri-precious-memories-tee-black-1,,,,,,,,Size,L,,,,,shopify,manual,199.0,480.0,,,,https://notorious-plug.com/cdn/shop/files/AM1_PRMTEE.png?v=1734357632,2,,,,,,,,,,,,,,,,,,,,,active
amiri-precious-memories-tee-black-1,,,,,,,TRUE,Size,XL,,,,,shopify,manual,199.0,480.0,,,,https://notorious-plug.com/cdn/shop/files/AM1_PRMTEE1.png?v=1734357631,1,,,,,,,,,,,,,,,,,,,,,active
amiri-precious-memories-tee-black-1,,,,,,,,Size,XL,,,,,shopify,manual,199.0,480.0,,,,https://notorious-plug.com/cdn/shop/files/AM1_PRMTEE.png?v=1734357632,2,,,,,,,,,,,,,,,,,,,,,active
amiri-precious-memories-tee-black-1,,,,,,,TRUE,Size,XXL,,,,,shopify,manual,199.0,480.0,,,,https://notorious-plug.com/cdn/shop/files/AM1_PRMTEE1.png?v=1734357631,1,,,,,,,,,,,,,,,,,,,,,active
amiri-precious-memories-tee-black-1,,,,,,,,Size,XXL,,,,,shopify,manual,199.0,480.0,,,,https://notorious-plug.com/cdn/shop/files/AM1_PRMTEE.png?v=1734357632,2,,,,,,,,,,,,,,,,,,,,,active
amiri-california-hawaiian-tee-black,AMIRI CALIFORNIA HAWAIIAN TEE BLACK,"<p>Taking a break from its usually distressed and rebellious aesthetic, Los Angeles-based label AMIRI clearly didn't look too far for inspiration when crafting its California Hawaiian tee. A classic crewneck layer that riffs on quintessential vacation dress codes, it's patched with a branded appliqué which is dotted with dreamy graphics depicting just a few of the Golden State's best-loved destinations.</p>",Amiri,,T-Shirts,"NOTFORLTS, ALL PRODUCTS, AMIRI, CLOTHING, OUR PICKS, T-SHIRTS, VIEW ALL CLOTHING, Men, All Mens Clothing",TRUE,Size,XS,,,,,shopify,manual,199.0,550.0,,,,https://notorious-plug.com/cdn/shop/files/AM1RI_CALIBLACKTEE1.png?v=1745334019,1,,,,,,,,,,,,,,,,,,,,,active
amiri-california-hawaiian-tee-black,,,,,,,,Size,XS,,,,,shopify,manual,199.0,550.0,,,,https://notorious-plug.com/cdn/shop/files/AM1RI_CALIBLACKTEE2.png?v=1745334019,2,,,,,,,,,,,,,,,,,,,,,active
amiri-california-hawaiian-tee-black,,,,,,,TRUE,Size,S,,,,,shopify,manual,199.0,550.0,,,,https://notorious-plug.com/cdn/shop/files/AM1RI_CALIBLACKTEE1.png?v=1745334019,1,,,,,,,,,,,,,,,,,,,,,active
amiri-california-hawaiian-tee-black,,,,,,,,Size,S,,,,,shopify,manual,199.0,550.0,,,,https://notorious-plug.com/cdn/shop/files/AM1RI_CALIBLACKTEE2.png?v=1745334019,2,,,,,,,,,,,,,,,,,,,,,active
amiri-california-hawaiian-tee-black,,,,,,,TRUE,Size,M,,,,,shopify,manual,199.0,550.0,,,,https://notorious-plug.com/cdn/shop/files/AM1RI_CALIBLACKTEE1.png?v=1745334019,1,,,,,,,,,,,,,,,,,,,,,active
amiri-california-hawaiian-tee-black,,,,,,,,Size,M,,,,,shopify,manual,199.0,550.0,,,,https://notorious-plug.com/cdn/shop/files/AM1RI_CALIBLACKTEE2.png?v=1745334019,2,,,,,,,,,,,,,,,,,,,,,active
amiri-california-hawaiian-tee-black,,,,,,,TRUE,Size,L,,,,,shopify,manual,199.0,550.0,,,,https://notorious-plug.com/cdn/shop/files/AM1RI_CALIBLACKTEE1.png?v=1745334019,1,,,,,,,,,,,,,,,,,,,,,active
amiri-california-hawaiian-tee-black,,,,,,,,Size,L,,,,,shopify,manual,199.0,550.0,,,,https://notorious-plug.com/cdn/shop/files/AM1RI_CALIBLACKTEE2.png?v=1745334019,2,,,,,,,,,,,,,,,,,,,,,active
amiri-california-hawaiian-tee-black,,,,,,,TRUE,Size,XXL,,,,,shopify,manual,199.0,550.0,,,,https://notorious-plug.com/cdn/shop/files/AM1RI_CALIBLACKTEE1.png?v=1745334019,1,,,,,,,,,,,,,,,,,,,,,active
amiri-california-hawaiian-tee-black,,,,,,,,Size,XXL,,,,,shopify,manual,199.0,550.0,,,,https://notorious-plug.com/cdn/shop/files/AM1RI_CALIBLACKTEE2.png?v=1745334019,2,,,,,,,,,,,,,,,,,,,,,active
amiri-california-hawaiian-tee-black,,,,,,,TRUE,Size,XXXL,,,,,shopify,manual,199.0,550.0,,,,https://notorious-plug.com/cdn/shop/files/AM1RI_CALIBLACKTEE1.png?v=1745334019,1,,,,,,,,,,,,,,,,,,,,,active
amiri-california-hawaiian-tee-black,,,,,,,,Size,XXXL,,,,,shopify,manual,199.0,550.0,,,,https://notorious-plug.com/cdn/shop/files/AM1RI_CALIBLACKTEE2.png?v=1745334019,2,,,,,,,,,,,,,,,,,,,,,active
amiri-tie-dye-all-over-logo-tee-grey,AMIRI TIE DYE ALL OVER LOGO TEE GREY,<br/>Cotton jersey T-shirt. · Logo pattern and tie dye effect printed throughout · Rib knit crewneck Supplier color: Gray<br/><br/><br/>100% cotton.<br/>Gender: Mens<br/>,Amiri,,T-Shirts,"ALL PRODUCTS, AMIRI, CLOTHING, OUR PICKS, T-SHIRTS, VIEW ALL CLOTHING, Men, All Mens Clothing",TRUE,Size,S,SS23MJG022-030-S,,,,shopify,manual,199.0,440.0,,,,https://notorious-plug.com/cdn/shop/files/AM1RI_TIEDYE_GREY21.png?v=1745335000,1,,,,,,,,,,,,,,,,,,,,,active
amiri-tie-dye-all-over-logo-tee-grey,,,,,,,,Size,S,SS23MJG022-030-S,,,,shopify,manual,199.0,440.0,,,,https://notorious-plug.com/cdn/shop/files/AM1RI_TIEDYE_GREY2.png?v=1745334999,2,,,,,,,,,,,,,,,,,,,,,active
amiri-tie-dye-all-over-logo-tee-grey,,,,,,,,Size,S,SS23MJG022-030-S,,,,shopify,manual,199.0,440.0,,,,https://notorious-plug.com/cdn/shop/files/AM1RI_TIEDYE_GREY1.png?v=1745334999,3,,,,,,,,,,,,,,,,,,,,,active
amiri-tie-dye-all-over-logo-tee-grey,,,,,,,TRUE,Size,M,SS23MJG022-030-M,,,,shopify,manual,199.0,440.0,,,,https://notorious-plug.com/cdn/shop/files/AM1RI_TIEDYE_GREY21.png?v=1745335000,1,,,,,,,,,,,,,,,,,,,,,active
amiri-tie-dye-all-over-logo-tee-grey,,,,,,,,Size,M,SS23MJG022-030-M,,,,shopify,manual,199.0,440.0,,,,https://notorious-plug.com/cdn/shop/files/AM1RI_TIEDYE_GREY2.png?v=1745334999,2,,,,,,,,,,,,,,,,,,,,,active
amiri-tie-dye-all-over-logo-tee-grey,,,,,,,,Size,M,SS23MJG022-030-M,,,,shopify,manual,199.0,440.0,,,,https://notorious-plug.com/cdn/shop/files/AM1RI_TIEDYE_GREY1.png?v=1745334999,3,,,,,,,,,,,,,,,,,,,,,active
amiri-tie-dye-all-over-logo-tee-grey,,,,,,,TRUE,Size,L,SS23MJG022-030-L,,,,shopify,manual,199.0,440.0,,,,https://notorious-plug.com/cdn/shop/files/AM1RI_TIEDYE_GREY21.png?v=1745335000,1,,,,,,,,,,,,,,,,,,,,,active
amiri-tie-dye-all-over-logo-tee-grey,,,,,,,,Size,L,SS23MJG022-030-L,,,,shopify,manual,199.0,440.0,,,,https://notorious-plug.com/cdn/shop/files/AM1RI_TIEDYE_GREY2.png?v=1745334999,2,,,,,,,,,,,,,,,,,,,,,active
amiri-tie-dye-all-over-logo-tee-grey,,,,,,,,Size,L,SS23MJG022-030-L,,,,shopify,manual,199.0,440.0,,,,https://notorious-plug.com/cdn/shop/files/AM1RI_TIEDYE_GREY1.png?v=1745334999,3,,,,,,,,,,,,,,,,,,,,,active
amiri-tie-dye-all-over-logo-tee-grey,,,,,,,TRUE,Size,XL,SS23MJG022-030-XL,,,,shopify,manual,199.0,440.0,,,,https://notorious-plug.com/cdn/shop/files/AM1RI_TIEDYE_GREY21.png?v=1745335000,1,,,,,,,,,,,,,,,,,,,,,active
amiri-tie-dye-all-over-logo-tee-grey,,,,,,,,Size,XL,SS23MJG022-030-XL,,,,shopify,manual,199.0,440.0,,,,https://notorious-plug.com/cdn/shop/files/AM1RI_TIEDYE_GREY2.png?v=1745334999,2,,,,,,,,,,,,,,,,,,,,,active
amiri-tie-dye-all-over-logo-tee-grey,,,,,,,,Size,XL,SS23MJG022-030-XL,,,,shopify,manual,199.0,440.0,,,,https://notorious-plug.com/cdn/shop/files/AM1RI_TIEDYE_GREY1.png?v=1745334999,3,,,,,,,,,,,,,,,,,,,,,active
amiri-tie-dye-all-over-logo-tee-grey,,,,,,,TRUE,Size,XXL,SS23MJG022-030-XXL,,,,shopify,manual,199.0,440.0,,,,https://notorious-plug.com/cdn/shop/files/AM1RI_TIEDYE_GREY21.png?v=1745335000,1,,,,,,,,,,,,,,,,,,,,,active
amiri-tie-dye-all-over-logo-tee-grey,,,,,,,,Size,XXL,SS23MJG022-030-XXL,,,,shopify,manual,199.0,440.0,,,,https://notorious-plug.com/cdn/shop/files/AM1RI_TIEDYE_GREY2.png?v=1745334999,2,,,,,,,,,,,,,,,,,,,,,active
amiri-tie-dye-all-over-logo-tee-grey,,,,,,,,Size,XXL,SS23MJG022-030-XXL,,,,shopify,manual,199.0,440.0,,,,https://notorious-plug.com/cdn/shop/files/AM1RI_TIEDYE_GREY1.png?v=1745334999,3,,,,,,,,,,,,,,,,,,,,,active
amiri-tie-dye-all-over-logo-tee-grey,,,,,,,TRUE,Size,XXXL,SS23MJG022-030-XXXL,,,,shopify,manual,199.0,440.0,,,,https://notorious-plug.com/cdn/shop/files/AM1RI_TIEDYE_GREY21.png?v=1745335000,1,,,,,,,,,,,,,,,,,,,,,active
amiri-tie-dye-all-over-logo-tee-grey,,,,,,,,Size,XXXL,SS23MJG022-030-XXXL,,,,shopify,manual,199.0,440.0,,,,https://notorious-plug.com/cdn/shop/files/AM1RI_TIEDYE_GREY2.png?v=1745334999,2,,,,,,,,,,,,,,,,,,,,,active
amiri-tie-dye-all-over-logo-tee-grey,,,,,,,,Size,XXXL,SS23MJG022-030-XXXL,,,,shopify,manual,199.0,440.0,,,,https://notorious-plug.com/cdn/shop/files/AM1RI_TIEDYE_GREY1.png?v=1745334999,3,,,,,,,,,,,,,,,,,,,,,active
amiri-tie-dye-all-over-logo-tee-blue,AMIRI TIE DYE ALL OVER LOGO TEE BLUE,<br/>Cotton jersey T-shirt. · Logo pattern and tie dye effect printed throughout · Rib knit crewneck Supplier color: Blue<br/><br/><br/>100% cotton.<br/>Gender: Mens<br/>,Amiri,,T-Shirts,"ALL PRODUCTS, AMIRI, CLOTHING, OUR PICKS, T-SHIRTS, VIEW ALL CLOTHING, Men, All Mens Clothing",TRUE,Size,XS,SS23MJG022-420-XS,,,,shopify,manual,199.0,440.0,,,,https://notorious-plug.com/cdn/shop/files/AM1RI_TIEDYE_BLUE1.png?v=1745336337,1,,,,,,,,,,,,,,,,,,,,,active
amiri-tie-dye-all-over-logo-tee-blue,,,,,,,,Size,XS,SS23MJG022-420-XS,,,,shopify,manual,199.0,440.0,,,,https://notorious-plug.com/cdn/shop/files/AM1RI_TIEDYE_BLUE2.png?v=1745336338,2,,,,,,,,,,,,,,,,,,,,,active
amiri-tie-dye-all-over-logo-tee-blue,,,,,,,,Size,XS,SS23MJG022-420-XS,,,,shopify,manual,199.0,440.0,,,,https://notorious-plug.com/cdn/shop/files/AM1RI_TIEDYE_BLUE3.png?v=1745336338,3,,,,,,,,,,,,,,,,,,,,,active
amiri-tie-dye-all-over-logo-tee-blue,,,,,,,TRUE,Size,M,SS23MJG022-420-M,,,,shopify,manual,199.0,440.0,,,,https://notorious-plug.com/cdn/shop/files/AM1RI_TIEDYE_BLUE1.png?v=1745336337,1,,,,,,,,,,,,,,,,,,,,,active
amiri-tie-dye-all-over-logo-tee-blue,,,,,,,,Size,M,SS23MJG022-420-M,,,,shopify,manual,199.0,440.0,,,,https://notorious-plug.com/cdn/shop/files/AM1RI_TIEDYE_BLUE2.png?v=1745336338,2,,,,,,,,,,,,,,,,,,,,,active
amiri-tie-dye-all-over-logo-tee-blue,,,,,,,,Size,M,SS23MJG022-420-M,,,,shopify,manual,199.0,440.0,,,,https://notorious-plug.com/cdn/shop/files/AM1RI_TIEDYE_BLUE3.png?v=1745336338,3,,,,,,,,,,,,,,,,,,,,,active
amiri-tie-dye-all-over-logo-tee-blue,,,,,,,TRUE,Size,L,SS23MJG022-420-L,,,,shopify,manual,199.0,440.0,,,,https://notorious-plug.com/cdn/shop/files/AM1RI_TIEDYE_BLUE1.png?v=1745336337,1,,,,,,,,,,,,,,,,,,,,,active
amiri-tie-dye-all-over-logo-tee-blue,,,,,,,,Size,L,SS23MJG022-420-L,,,,shopify,manual,199.0,440.0,,,,https://notorious-plug.com/cdn/shop/files/AM1RI_TIEDYE_BLUE2.png?v=1745336338,2,,,,,,,,,,,,,,,,,,,,,active
amiri-tie-dye-all-over-logo-tee-blue,,,,,,,,Size,L,SS23MJG022-420-L,,,,shopify,manual,199.0,440.0,,,,https://notorious-plug.com/cdn/shop/files/AM1RI_TIEDYE_BLUE3.png?v=1745336338,3,,,,,,,,,,,,,,,,,,,,,active
amiri-tie-dye-all-over-logo-tee-blue,,,,,,,TRUE,Size,XL,SS23MJG022-420-XL,,,,shopify,manual,199.0,440.0,,,,https://notorious-plug.com/cdn/shop/files/AM1RI_TIEDYE_BLUE1.png?v=1745336337,1,,,,,,,,,,,,,,,,,,,,,active
amiri-tie-dye-all-over-logo-tee-blue,,,,,,,,Size,XL,SS23MJG022-420-XL,,,,shopify,manual,199.0,440.0,,,,https://notorious-plug.com/cdn/shop/files/AM1RI_TIEDYE_BLUE2.png?v=1745336338,2,,,,,,,,,,,,,,,,,,,,,active
amiri-tie-dye-all-over-logo-tee-blue,,,,,,,,Size,XL,SS23MJG022-420-XL,,,,shopify,manual,199.0,440.0,,,,https://notorious-plug.com/cdn/shop/files/AM1RI_TIEDYE_BLUE3.png?v=1745336338,3,,,,,,,,,,,,,,,,,,,,,active
amiri-tie-dye-all-over-logo-tee-blue,,,,,,,TRUE,Size,XXL,SS23MJG022-420-XXL,,,,shopify,manual,199.0,440.0,,,,https://notorious-plug.com/cdn/shop/files/AM1RI_TIEDYE_BLUE1.png?v=1745336337,1,,,,,,,,,,,,,,,,,,,,,active
amiri-tie-dye-all-over-logo-tee-blue,,,,,,,,Size,XXL,SS23MJG022-420-XXL,,,,shopify,manual,199.0,440.0,,,,https://notorious-plug.com/cdn/shop/files/AM1RI_TIEDYE_BLUE2.png?v=1745336338,2,,,,,,,,,,,,,,,,,,,,,active
amiri-tie-dye-all-over-logo-tee-blue,,,,,,,,Size,XXL,SS23MJG022-420-XXL,,,,shopify,manual,199.0,440.0,,,,https://notorious-plug.com/cdn/shop/files/AM1RI_TIEDYE_BLUE3.png?v=1745336338,3,,,,,,,,,,,,,,,,,,,,,active
amiri-tie-dye-all-over-logo-swim-shorts-grey,AMIRI TIE DYE ALL OVER LOGO SWIM SHORTS GREY,cool greytie-dye patternelasticated drawstring waistbandtwo side inset pocketsrear patch pocketBe mindful to try on swimwear over your own garments.,Notorious Plug,,Bottoms,"ALL PRODUCTS, AMIRI, BOTTOMS, CLOTHING, OUR PICKS, SWIMWEAR, VIEW ALL CLOTHING, Men, All Mens Clothing",TRUE,Size,XS,SS23MSB002-030-XS,,,,shopify,manual,175.0,360.0,,,,https://notorious-plug.com/cdn/shop/files/AMIRI_TDSHORTSGREY1.png?v=1745336755,1,,,,,,,,,,,,,,,,,,,,,active
amiri-tie-dye-all-over-logo-swim-shorts-grey,,,,,,,,Size,XS,SS23MSB002-030-XS,,,,shopify,manual,175.0,360.0,,,,https://notorious-plug.com/cdn/shop/files/AMIRI_TDSHORTSGREY3.png?v=1745336756,2,,,,,,,,,,,,,,,,,,,,,active
amiri-tie-dye-all-over-logo-swim-shorts-grey,,,,,,,TRUE,Size,S,SS23MSB002-030-S,,,,shopify,manual,175.0,360.0,,,,https://notorious-plug.com/cdn/shop/files/AMIRI_TDSHORTSGREY1.png?v=1745336755,1,,,,,,,,,,,,,,,,,,,,,active
amiri-tie-dye-all-over-logo-swim-shorts-grey,,,,,,,,Size,S,SS23MSB002-030-S,,,,shopify,manual,175.0,360.0,,,,https://notorious-plug.com/cdn/shop/files/AMIRI_TDSHORTSGREY3.png?v=1745336756,2,,,,,,,,,,,,,,,,,,,,,active
amiri-tie-dye-all-over-logo-swim-shorts-grey,,,,,,,TRUE,Size,M,SS23MSB002-030-M,,,,shopify,manual,175.0,360.0,,,,https://notorious-plug.com/cdn/shop/files/AMIRI_TDSHORTSGREY1.png?v=1745336755,1,,,,,,,,,,,,,,,,,,,,,active
amiri-tie-dye-all-over-logo-swim-shorts-grey,,,,,,,,Size,M,SS23MSB002-030-M,,,,shopify,manual,175.0,360.0,,,,https://notorious-plug.com/cdn/shop/files/AMIRI_TDSHORTSGREY3.png?v=1745336756,2,,,,,,,,,,,,,,,,,,,,,active
amiri-tie-dye-all-over-logo-swim-shorts-grey,,,,,,,TRUE,Size,L,SS23MSB002-030-L,,,,shopify,manual,175.0,360.0,,,,https://notorious-plug.com/cdn/shop/files/AMIRI_TDSHORTSGREY1.png?v=1745336755,1,,,,,,,,,,,,,,,,,,,,,active
amiri-tie-dye-all-over-logo-swim-shorts-grey,,,,,,,,Size,L,SS23MSB002-030-L,,,,shopify,manual,175.0,360.0,,,,https://notorious-plug.com/cdn/shop/files/AMIRI_TDSHORTSGREY3.png?v=1745336756,2,,,,,,,,,,,,,,,,,,,,,active
amiri-tie-dye-all-over-logo-swim-shorts-grey,,,,,,,TRUE,Size,XL,SS23MSB002-030-XL,,,,shopify,manual,175.0,360.0,,,,https://notorious-plug.com/cdn/shop/files/AMIRI_TDSHORTSGREY1.png?v=1745336755,1,,,,,,,,,,,,,,,,,,,,,active
amiri-tie-dye-all-over-logo-swim-shorts-grey,,,,,,,,Size,XL,SS23MSB002-030-XL,,,,shopify,manual,175.0,360.0,,,,https://notorious-plug.com/cdn/shop/files/AMIRI_TDSHORTSGREY3.png?v=1745336756,2,,,,,,,,,,,,,,,,,,,,,active
amiri-tie-dye-all-over-logo-swim-shorts-grey,,,,,,,TRUE,Size,XXL,SS23MSB002-030-XXL,,,,shopify,manual,175.0,360.0,,,,https://notorious-plug.com/cdn/shop/files/AMIRI_TDSHORTSGREY1.png?v=1745336755,1,,,,,,,,,,,,,,,,,,,,,active
amiri-tie-dye-all-over-logo-swim-shorts-grey,,,,,,,,Size,XXL,SS23MSB002-030-XXL,,,,shopify,manual,175.0,360.0,,,,https://notorious-plug.com/cdn/shop/files/AMIRI_TDSHORTSGREY3.png?v=1745336756,2,,,,,,,,,,,,,,,,,,,,,active
amiri-tie-dye-all-over-logo-swim-shorts-grey,,,,,,,TRUE,Size,XXXL,SS23MSB002-030-XXXL,,,,shopify,manual,175.0,360.0,,,,https://notorious-plug.com/cdn/shop/files/AMIRI_TDSHORTSGREY1.png?v=1745336755,1,,,,,,,,,,,,,,,,,,,,,active
amiri-tie-dye-all-over-logo-swim-shorts-grey,,,,,,,,Size,XXXL,SS23MSB002-030-XXXL,,,,shopify,manual,175.0,360.0,,,,https://notorious-plug.com/cdn/shop/files/AMIRI_TDSHORTSGREY3.png?v=1745336756,2,,,,,,,,,,,,,,,,,,,,,active
amiri-fortune-swimshorts-black,AMIRI FORTUNE SWIMSHORTS BLACK,<p>Amiri fortune swim shorts. Crystal ball logo with arts district homage. Zipped pockets. </p>,Amiri,,Bottoms,"ALL PRODUCTS, AMIRI, BOTTOMS, CLOTHING, OUR PICKS, SWIMWEAR, VIEW ALL CLOTHING, Men, All Mens Clothing",TRUE,Size,XS,PS23MSB004-001-XS,,,,shopify,manual,175.0,575.0,,,,https://notorious-plug.com/cdn/shop/files/AM1_FORTUNEBLACK1.png?v=1745337210,1,,,,,,,,,,,,,,,,,,,,,active
amiri-fortune-swimshorts-black,,,,,,,,Size,XS,PS23MSB004-001-XS,,,,shopify,manual,175.0,575.0,,,,https://notorious-plug.com/cdn/shop/files/AM1_FORTUNE2.png?v=1745337212,2,,,,,,,,,,,,,,,,,,,,,active
amiri-fortune-swimshorts-black,,,,,,,,Size,XS,PS23MSB004-001-XS,,,,shopify,manual,175.0,575.0,,,,https://notorious-plug.com/cdn/shop/files/AM1_FORTUNE3.png?v=1745337210,3,,,,,,,,,,,,,,,,,,,,,active
amiri-fortune-swimshorts-black,,,,,,,TRUE,Size,S,PS23MSB004-001-S,,,,shopify,manual,175.0,575.0,,,,https://notorious-plug.com/cdn/shop/files/AM1_FORTUNEBLACK1.png?v=1745337210,1,,,,,,,,,,,,,,,,,,,,,active
amiri-fortune-swimshorts-black,,,,,,,,Size,S,PS23MSB004-001-S,,,,shopify,manual,175.0,575.0,,,,https://notorious-plug.com/cdn/shop/files/AM1_FORTUNE2.png?v=1745337212,2,,,,,,,,,,,,,,,,,,,,,active
amiri-fortune-swimshorts-black,,,,,,,,Size,S,PS23MSB004-001-S,,,,shopify,manual,175.0,575.0,,,,https://notorious-plug.com/cdn/shop/files/AM1_FORTUNE3.png?v=1745337210,3,,,,,,,,,,,,,,,,,,,,,active
amiri-fortune-swimshorts-black,,,,,,,TRUE,Size,M,PS23MSB004-001-M,,,,shopify,manual,175.0,575.0,,,,https://notorious-plug.com/cdn/shop/files/AM1_FORTUNEBLACK1.png?v=1745337210,1,,,,,,,,,,,,,,,,,,,,,active
amiri-fortune-swimshorts-black,,,,,,,,Size,M,PS23MSB004-001-M,,,,shopify,manual,175.0,575.0,,,,https://notorious-plug.com/cdn/shop/files/AM1_FORTUNE2.png?v=1745337212,2,,,,,,,,,,,,,,,,,,,,,active
amiri-fortune-swimshorts-black,,,,,,,,Size,M,PS23MSB004-001-M,,,,shopify,manual,175.0,575.0,,,,https://notorious-plug.com/cdn/shop/files/AM1_FORTUNE3.png?v=1745337210,3,,,,,,,,,,,,,,,,,,,,,active
amiri-fortune-swimshorts-black,,,,,,,TRUE,Size,L,PS23MSB004-001-L,,,,shopify,manual,175.0,575.0,,,,https://notorious-plug.com/cdn/shop/files/AM1_FORTUNEBLACK1.png?v=1745337210,1,,,,,,,,,,,,,,,,,,,,,active
amiri-fortune-swimshorts-black,,,,,,,,Size,L,PS23MSB004-001-L,,,,shopify,manual,175.0,575.0,,,,https://notorious-plug.com/cdn/shop/files/AM1_FORTUNE2.png?v=1745337212,2,,,,,,,,,,,,,,,,,,,,,active
amiri-fortune-swimshorts-black,,,,,,,,Size,L,PS23MSB004-001-L,,,,shopify,manual,175.0,575.0,,,,https://notorious-plug.com/cdn/shop/files/AM1_FORTUNE3.png?v=1745337210,3,,,,,,,,,,,,,,,,,,,,,active
amiri-fortune-swimshorts-black,,,,,,,TRUE,Size,XL,PS23MSB004-001-XL,,,,shopify,manual,175.0,575.0,,,,https://notorious-plug.com/cdn/shop/files/AM1_FORTUNEBLACK1.png?v=1745337210,1,,,,,,,,,,,,,,,,,,,,,active
amiri-fortune-swimshorts-black,,,,,,,,Size,XL,PS23MSB004-001-XL,,,,shopify,manual,175.0,575.0,,,,https://notorious-plug.com/cdn/shop/files/AM1_FORTUNE2.png?v=1745337212,2,,,,,,,,,,,,,,,,,,,,,active
amiri-fortune-swimshorts-black,,,,,,,,Size,XL,PS23MSB004-001-XL,,,,shopify,manual,175.0,575.0,,,,https://notorious-plug.com/cdn/shop/files/AM1_FORTUNE3.png?v=1745337210,3,,,,,,,,,,,,,,,,,,,,,active
amiri-fortune-swimshorts-black,,,,,,,TRUE,Size,XXL,PS23MSB004-001-XXL,,,,shopify,manual,175.0,575.0,,,,https://notorious-plug.com/cdn/shop/files/AM1_FORTUNEBLACK1.png?v=1745337210,1,,,,,,,,,,,,,,,,,,,,,active
amiri-fortune-swimshorts-black,,,,,,,,Size,XXL,PS23MSB004-001-XXL,,,,shopify,manual,175.0,575.0,,,,https://notorious-plug.com/cdn/shop/files/AM1_FORTUNE2.png?v=1745337212,2,,,,,,,,,,,,,,,,,,,,,active
amiri-fortune-swimshorts-black,,,,,,,,Size,XXL,PS23MSB004-001-XXL,,,,shopify,manual,175.0,575.0,,,,https://notorious-plug.com/cdn/shop/files/AM1_FORTUNE3.png?v=1745337210,3,,,,,,,,,,,,,,,,,,,,,active
amiri-fortune-swimshorts-black,,,,,,,TRUE,Size,XXXL,PS23MSB004-001-XXXL,,,,shopify,manual,175.0,575.0,,,,https://notorious-plug.com/cdn/shop/files/AM1_FORTUNEBLACK1.png?v=1745337210,1,,,,,,,,,,,,,,,,,,,,,active
amiri-fortune-swimshorts-black,,,,,,,,Size,XXXL,PS23MSB004-001-XXXL,,,,shopify,manual,175.0,575.0,,,,https://notorious-plug.com/cdn/shop/files/AM1_FORTUNE2.png?v=1745337212,2,,,,,,,,,,,,,,,,,,,,,active
amiri-fortune-swimshorts-black,,,,,,,,Size,XXXL,PS23MSB004-001-XXXL,,,,shopify,manual,175.0,575.0,,,,https://notorious-plug.com/cdn/shop/files/AM1_FORTUNE3.png?v=1745337210,3,,,,,,,,,,,,,,,,,,,,,active
amiri-alchemy-landscape-frame-hoodie-black,AMIRI ALCHEMY LANDSCAPE FRAME HOODIE BLACK,"<p>For this Alchemy take on the traditional hoody, the L.A. label experiments with a more sophisticated style - backgrounding its bold typeface logo with an ornate landscape ‘framed’ at the front and back. The most fashionable of chemical combinations! 100% Cotton, Fixed Hood, Kangaroo Pocket, Printed Branding</p>",Amiri,,Sweats,"ALL PRODUCTS, AMIRI, CLOTHING, HOODIES & SWEATSHIRTS, OUR PICKS, VIEW ALL CLOTHING, Men, All Mens Clothing",TRUE,Size,XS,,,,,shopify,manual,275.0,850.0,,,,https://notorious-plug.com/cdn/shop/files/AM1_ALCHEMYHOODIE2.png?v=1745337836,1,,,,,,,,,,,,,,,,,,,,,active
amiri-alchemy-landscape-frame-hoodie-black,,,,,,,,Size,XS,,,,,shopify,manual,275.0,850.0,,,,https://notorious-plug.com/cdn/shop/files/AM1_ALCHEMYHOODIE3.png?v=1745337835,2,,,,,,,,,,,,,,,,,,,,,active
amiri-alchemy-landscape-frame-hoodie-black,,,,,,,,Size,XS,,,,,shopify,manual,275.0,850.0,,,,https://notorious-plug.com/cdn/shop/files/AM1_ALCHEMYHOODIE1.png?v=1745337835,3,,,,,,,,,,,,,,,,,,,,,active
amiri-alchemy-landscape-frame-hoodie-black,,,,,,,TRUE,Size,S,,,,,shopify,manual,275.0,850.0,,,,https://notorious-plug.com/cdn/shop/files/AM1_ALCHEMYHOODIE2.png?v=1745337836,1,,,,,,,,,,,,,,,,,,,,,active
amiri-alchemy-landscape-frame-hoodie-black,,,,,,,,Size,S,,,,,shopify,manual,275.0,850.0,,,,https://notorious-plug.com/cdn/shop/files/AM1_ALCHEMYHOODIE3.png?v=1745337835,2,,,,,,,,,,,,,,,,,,,,,active
amiri-alchemy-landscape-frame-hoodie-black,,,,,,,,Size,S,,,,,shopify,manual,275.0,850.0,,,,https://notorious-plug.com/cdn/shop/files/AM1_ALCHEMYHOODIE1.png?v=1745337835,3,,,,,,,,,,,,,,,,,,,,,active
amiri-alchemy-landscape-frame-hoodie-black,,,,,,,TRUE,Size,M,,,,,shopify,manual,275.0,850.0,,,,https://notorious-plug.com/cdn/shop/files/AM1_ALCHEMYHOODIE2.png?v=1745337836,1,,,,,,,,,,,,,,,,,,,,,active
amiri-alchemy-landscape-frame-hoodie-black,,,,,,,,Size,M,,,,,shopify,manual,275.0,850.0,,,,https://notorious-plug.com/cdn/shop/files/AM1_ALCHEMYHOODIE3.png?v=1745337835,2,,,,,,,,,,,,,,,,,,,,,active
amiri-alchemy-landscape-frame-hoodie-black,,,,,,,,Size,M,,,,,shopify,manual,275.0,850.0,,,,https://notorious-plug.com/cdn/shop/files/AM1_ALCHEMYHOODIE1.png?v=1745337835,3,,,,,,,,,,,,,,,,,,,,,active
amiri-alchemy-landscape-frame-hoodie-black,,,,,,,TRUE,Size,L,,,,,shopify,manual,275.0,850.0,,,,https://notorious-plug.com/cdn/shop/files/AM1_ALCHEMYHOODIE2.png?v=1745337836,1,,,,,,,,,,,,,,,,,,,,,active
amiri-alchemy-landscape-frame-hoodie-black,,,,,,,,Size,L,,,,,shopify,manual,275.0,850.0,,,,https://notorious-plug.com/cdn/shop/files/AM1_ALCHEMYHOODIE3.png?v=1745337835,2,,,,,,,,,,,,,,,,,,,,,active
amiri-alchemy-landscape-frame-hoodie-black,,,,,,,,Size,L,,,,,shopify,manual,275.0,850.0,,,,https://notorious-plug.com/cdn/shop/files/AM1_ALCHEMYHOODIE1.png?v=1745337835,3,,,,,,,,,,,,,,,,,,,,,active
amiri-alchemy-landscape-frame-hoodie-black,,,,,,,TRUE,Size,XL,,,,,shopify,manual,275.0,850.0,,,,https://notorious-plug.com/cdn/shop/files/AM1_ALCHEMYHOODIE2.png?v=1745337836,1,,,,,,,,,,,,,,,,,,,,,active
amiri-alchemy-landscape-frame-hoodie-black,,,,,,,,Size,XL,,,,,shopify,manual,275.0,850.0,,,,https://notorious-plug.com/cdn/shop/files/AM1_ALCHEMYHOODIE3.png?v=1745337835,2,,,,,,,,,,,,,,,,,,,,,active
amiri-alchemy-landscape-frame-hoodie-black,,,,,,,,Size,XL,,,,,shopify,manual,275.0,850.0,,,,https://notorious-plug.com/cdn/shop/files/AM1_ALCHEMYHOODIE1.png?v=1745337835,3,,,,,,,,,,,,,,,,,,,,,active
amiri-alchemy-landscape-frame-hoodie-black,,,,,,,TRUE,Size,XXL,,,,,shopify,manual,275.0,850.0,,,,https://notorious-plug.com/cdn/shop/files/AM1_ALCHEMYHOODIE2.png?v=1745337836,1,,,,,,,,,,,,,,,,,,,,,active
amiri-alchemy-landscape-frame-hoodie-black,,,,,,,,Size,XXL,,,,,shopify,manual,275.0,850.0,,,,https://notorious-plug.com/cdn/shop/files/AM1_ALCHEMYHOODIE3.png?v=1745337835,2,,,,,,,,,,,,,,,,,,,,,active
amiri-alchemy-landscape-frame-hoodie-black,,,,,,,,Size,XXL,,,,,shopify,manual,275.0,850.0,,,,https://notorious-plug.com/cdn/shop/files/AM1_ALCHEMYHOODIE1.png?v=1745337835,3,,,,,,,,,,,,,,,,,,,,,active
amiri-alchemy-landscape-frame-hoodie-black,,,,,,,TRUE,Size,XXXL,,,,,shopify,manual,275.0,850.0,,,,https://notorious-plug.com/cdn/shop/files/AM1_ALCHEMYHOODIE2.png?v=1745337836,1,,,,,,,,,,,,,,,,,,,,,active
amiri-alchemy-landscape-frame-hoodie-black,,,,,,,,Size,XXXL,,,,,shopify,manual,275.0,850.0,,,,https://notorious-plug.com/cdn/shop/files/AM1_ALCHEMYHOODIE3.png?v=1745337835,2,,,,,,,,,,,,,,,,,,,,,active
amiri-alchemy-landscape-frame-hoodie-black,,,,,,,,Size,XXXL,,,,,shopify,manual,275.0,850.0,,,,https://notorious-plug.com/cdn/shop/files/AM1_ALCHEMYHOODIE1.png?v=1745337835,3,,,,,,,,,,,,,,,,,,,,,active
amiri-precious-memories-hoodie-black-1,AMIRI PRECIOUS MEMORIES HOODIE BLACK,"<br/><p class=""_2wApW"">black cotton logo print at the chest classic hood drop shoulder logo print at the chest logo print to the rear long sleeves front pouch pocket straight hem</p><br/>",Amiri,,Sweats,"ALL PRODUCTS, AMIRI, CLOTHING, HOODIES & SWEATSHIRTS, OUR PICKS, VIEW ALL CLOTHING, Men, All Mens Clothing",TRUE,Size,XS,,,,,shopify,manual,275.0,790.0,,,,https://notorious-plug.com/cdn/shop/files/AMIRI_PRECIOUSHOODIE2.png?v=1740565923,1,,,,,,,,,,,,,,,,,,,,,active
amiri-precious-memories-hoodie-black-1,,,,,,,,Size,XS,,,,,shopify,manual,275.0,790.0,,,,https://notorious-plug.com/cdn/shop/files/AMIRI_PRECIOUSHOODIE.png?v=1740565924,2,,,,,,,,,,,,,,,,,,,,,active
amiri-precious-memories-hoodie-black-1,,,,,,,,Size,XS,,,,,shopify,manual,275.0,790.0,,,,https://notorious-plug.com/cdn/shop/files/AMIRI_PRECIOUSHOODIE3.png?v=1740565924,3,,,,,,,,,,,,,,,,,,,,,active
amiri-precious-memories-hoodie-black-1,,,,,,,TRUE,Size,S,,,,,shopify,manual,275.0,790.0,,,,https://notorious-plug.com/cdn/shop/files/AMIRI_PRECIOUSHOODIE2.png?v=1740565923,1,,,,,,,,,,,,,,,,,,,,,active
amiri-precious-memories-hoodie-black-1,,,,,,,,Size,S,,,,,shopify,manual,275.0,790.0,,,,https://notorious-plug.com/cdn/shop/files/AMIRI_PRECIOUSHOODIE.png?v=1740565924,2,,,,,,,,,,,,,,,,,,,,,active
amiri-precious-memories-hoodie-black-1,,,,,,,,Size,S,,,,,shopify,manual,275.0,790.0,,,,https://notorious-plug.com/cdn/shop/files/AMIRI_PRECIOUSHOODIE3.png?v=1740565924,3,,,,,,,,,,,,,,,,,,,,,active
amiri-precious-memories-hoodie-black-1,,,,,,,TRUE,Size,M,,,,,shopify,manual,275.0,790.0,,,,https://notorious-plug.com/cdn/shop/files/AMIRI_PRECIOUSHOODIE2.png?v=1740565923,1,,,,,,,,,,,,,,,,,,,,,active
amiri-precious-memories-hoodie-black-1,,,,,,,,Size,M,,,,,shopify,manual,275.0,790.0,,,,https://notorious-plug.com/cdn/shop/files/AMIRI_PRECIOUSHOODIE.png?v=1740565924,2,,,,,,,,,,,,,,,,,,,,,active
amiri-precious-memories-hoodie-black-1,,,,,,,,Size,M,,,,,shopify,manual,275.0,790.0,,,,https://notorious-plug.com/cdn/shop/files/AMIRI_PRECIOUSHOODIE3.png?v=1740565924,3,,,,,,,,,,,,,,,,,,,,,active
amiri-precious-memories-hoodie-black-1,,,,,,,TRUE,Size,L,,,,,shopify,manual,275.0,790.0,,,,https://notorious-plug.com/cdn/shop/files/AMIRI_PRECIOUSHOODIE2.png?v=1740565923,1,,,,,,,,,,,,,,,,,,,,,active
amiri-precious-memories-hoodie-black-1,,,,,,,,Size,L,,,,,shopify,manual,275.0,790.0,,,,https://notorious-plug.com/cdn/shop/files/AMIRI_PRECIOUSHOODIE.png?v=1740565924,2,,,,,,,,,,,,,,,,,,,,,active
amiri-precious-memories-hoodie-black-1,,,,,,,,Size,L,,,,,shopify,manual,275.0,790.0,,,,https://notorious-plug.com/cdn/shop/files/AMIRI_PRECIOUSHOODIE3.png?v=1740565924,3,,,,,,,,,,,,,,,,,,,,,active
amiri-precious-memories-hoodie-black-1,,,,,,,TRUE,Size,XL,,,,,shopify,manual,275.0,790.0,,,,https://notorious-plug.com/cdn/shop/files/AMIRI_PRECIOUSHOODIE2.png?v=1740565923,1,,,,,,,,,,,,,,,,,,,,,active
amiri-precious-memories-hoodie-black-1,,,,,,,,Size,XL,,,,,shopify,manual,275.0,790.0,,,,https://notorious-plug.com/cdn/shop/files/AMIRI_PRECIOUSHOODIE.png?v=1740565924,2,,,,,,,,,,,,,,,,,,,,,active
amiri-precious-memories-hoodie-black-1,,,,,,,,Size,XL,,,,,shopify,manual,275.0,790.0,,,,https://notorious-plug.com/cdn/shop/files/AMIRI_PRECIOUSHOODIE3.png?v=1740565924,3,,,,,,,,,,,,,,,,,,,,,active
amiri-precious-memories-hoodie-black-1,,,,,,,TRUE,Size,XXL,,,,,shopify,manual,275.0,790.0,,,,https://notorious-plug.com/cdn/shop/files/AMIRI_PRECIOUSHOODIE2.png?v=1740565923,1,,,,,,,,,,,,,,,,,,,,,active
amiri-precious-memories-hoodie-black-1,,,,,,,,Size,XXL,,,,,shopify,manual,275.0,790.0,,,,https://notorious-plug.com/cdn/shop/files/AMIRI_PRECIOUSHOODIE.png?v=1740565924,2,,,,,,,,,,,,,,,,,,,,,active
amiri-precious-memories-hoodie-black-1,,,,,,,,Size,XXL,,,,,shopify,manual,275.0,790.0,,,,https://notorious-plug.com/cdn/shop/files/AMIRI_PRECIOUSHOODIE3.png?v=1740565924,3,,,,,,,,,,,,,,,,,,,,,active
amiri-precious-memories-hoodie-black-1,,,,,,,TRUE,Size,XXXL,,,,,shopify,manual,275.0,790.0,,,,https://notorious-plug.com/cdn/shop/files/AMIRI_PRECIOUSHOODIE2.png?v=1740565923,1,,,,,,,,,,,,,,,,,,,,,active
amiri-precious-memories-hoodie-black-1,,,,,,,,Size,XXXL,,,,,shopify,manual,275.0,790.0,,,,https://notorious-plug.com/cdn/shop/files/AMIRI_PRECIOUSHOODIE.png?v=1740565924,2,,,,,,,,,,,,,,,,,,,,,active
amiri-precious-memories-hoodie-black-1,,,,,,,,Size,XXXL,,,,,shopify,manual,275.0,790.0,,,,https://notorious-plug.com/cdn/shop/files/AMIRI_PRECIOUSHOODIE3.png?v=1740565924,3,,,,,,,,,,,,,,,,,,,,,active
amiri-crystal-ball-hoodie-black-white,AMIRI CRYSTAL BALL HOODIE BLACK WHITE,"<p>The Amiri Crystal Ball Hoodie in Black is a must-have for the fashion-forward individual. Made from soft cotton-jersey, this relaxed-fit hoody features a unique crystal ball design that adds a touch of mystique to any outfit. Its comfortable fit and high-quality material make it perfect for both casual and dressy occasions. Upgrade your wardrobe with this fashionable and versatile piece.</p>",Amiri,,Sweats,"ALL PRODUCTS, AMIRI, CLOTHING, HOODIES & SWEATSHIRTS, OUR PICKS, VIEW ALL CLOTHING, Men, All Mens Clothing",TRUE,Size,S,,,,,shopify,manual,275.0,750.0,,,,https://notorious-plug.com/cdn/shop/files/AM1_CRYSTHOODIE0.png?v=1745338466,1,,,,,,,,,,,,,,,,,,,,,active
amiri-crystal-ball-hoodie-black-white,,,,,,,,Size,S,,,,,shopify,manual,275.0,750.0,,,,https://notorious-plug.com/cdn/shop/files/AM1_CRYSTHOODIE.png?v=1745338466,2,,,,,,,,,,,,,,,,,,,,,active
amiri-crystal-ball-hoodie-black-white,,,,,,,,Size,S,,,,,shopify,manual,275.0,750.0,,,,https://notorious-plug.com/cdn/shop/files/AM1_CRYSTHOODIE2.png?v=1745338467,3,,,,,,,,,,,,,,,,,,,,,active
amiri-crystal-ball-hoodie-black-white,,,,,,,TRUE,Size,XL,,,,,shopify,manual,275.0,750.0,,,,https://notorious-plug.com/cdn/shop/files/AM1_CRYSTHOODIE0.png?v=1745338466,1,,,,,,,,,,,,,,,,,,,,,active
amiri-crystal-ball-hoodie-black-white,,,,,,,,Size,XL,,,,,shopify,manual,275.0,750.0,,,,https://notorious-plug.com/cdn/shop/files/AM1_CRYSTHOODIE.png?v=1745338466,2,,,,,,,,,,,,,,,,,,,,,active
amiri-crystal-ball-hoodie-black-white,,,,,,,,Size,XL,,,,,shopify,manual,275.0,750.0,,,,https://notorious-plug.com/cdn/shop/files/AM1_CRYSTHOODIE2.png?v=1745338467,3,,,,,,,,,,,,,,,,,,,,,active
amiri-crystal-ball-hoodie-black-white,,,,,,,TRUE,Size,XXL,,,,,shopify,manual,275.0,750.0,,,,https://notorious-plug.com/cdn/shop/files/AM1_CRYSTHOODIE0.png?v=1745338466,1,,,,,,,,,,,,,,,,,,,,,active
amiri-crystal-ball-hoodie-black-white,,,,,,,,Size,XXL,,,,,shopify,manual,275.0,750.0,,,,https://notorious-plug.com/cdn/shop/files/AM1_CRYSTHOODIE.png?v=1745338466,2,,,,,,,,,,,,,,,,,,,,,active
amiri-crystal-ball-hoodie-black-white,,,,,,,,Size,XXL,,,,,shopify,manual,275.0,750.0,,,,https://notorious-plug.com/cdn/shop/files/AM1_CRYSTHOODIE2.png?v=1745338467,3,,,,,,,,,,,,,,,,,,,,,active
amiri-crystal-ball-hoodie-black-white,,,,,,,TRUE,Size,XXXL,,,,,shopify,manual,275.0,750.0,,,,https://notorious-plug.com/cdn/shop/files/AM1_CRYSTHOODIE0.png?v=1745338466,1,,,,,,,,,,,,,,,,,,,,,active
amiri-crystal-ball-hoodie-black-white,,,,,,,,Size,XXXL,,,,,shopify,manual,275.0,750.0,,,,https://notorious-plug.com/cdn/shop/files/AM1_CRYSTHOODIE.png?v=1745338466,2,,,,,,,,,,,,,,,,,,,,,active
amiri-crystal-ball-hoodie-black-white,,,,,,,,Size,XXXL,,,,,shopify,manual,275.0,750.0,,,,https://notorious-plug.com/cdn/shop/files/AM1_CRYSTHOODIE2.png?v=1745338467,3,,,,,,,,,,,,,,,,,,,,,active
amiri-ma-bar-logo-hoodie-tan,AMIRI MA BAR LOGO HOODIE TAN,<p>Amiri Ma Bar Logo Hoodie in Brown Self: 100% cotton Lining: 100% viscose. Made in Italy. Dry clean only. Kangaroo pocket. Front screenprint logo graphic. Silver-tone logo at back. Ribbed edges.</p>,Amiri,,Sweats,"ALL PRODUCTS, AMIRI, CLOTHING, HOODIES & SWEATSHIRTS, OUR PICKS, VIEW ALL CLOTHING, Men, All Mens Clothing",TRUE,Size,XS,PF23MJL006-281-XS,,,,shopify,manual,275.0,850.0,,,,https://notorious-plug.com/cdn/shop/files/MA_BAR_TANHOODIE.png?v=1745338830,1,,,,,,,,,,,,,,,,,,,,,active
amiri-ma-bar-logo-hoodie-tan,,,,,,,,Size,XS,PF23MJL006-281-XS,,,,shopify,manual,275.0,850.0,,,,https://notorious-plug.com/cdn/shop/files/MA_BAR_TANHOODIE2.png?v=1745338831,2,,,,,,,,,,,,,,,,,,,,,active
amiri-ma-bar-logo-hoodie-tan,,,,,,,,Size,XS,PF23MJL006-281-XS,,,,shopify,manual,275.0,850.0,,,,https://notorious-plug.com/cdn/shop/files/MA_BAR_TANHOODIE3.png?v=1745338830,3,,,,,,,,,,,,,,,,,,,,,active
amiri-ma-bar-logo-hoodie-tan,,,,,,,TRUE,Size,M,PF23MJL006-281-M,,,,shopify,manual,275.0,850.0,,,,https://notorious-plug.com/cdn/shop/files/MA_BAR_TANHOODIE.png?v=1745338830,1,,,,,,,,,,,,,,,,,,,,,active
amiri-ma-bar-logo-hoodie-tan,,,,,,,,Size,M,PF23MJL006-281-M,,,,shopify,manual,275.0,850.0,,,,https://notorious-plug.com/cdn/shop/files/MA_BAR_TANHOODIE2.png?v=1745338831,2,,,,,,,,,,,,,,,,,,,,,active
amiri-ma-bar-logo-hoodie-tan,,,,,,,,Size,M,PF23MJL006-281-M,,,,shopify,manual,275.0,850.0,,,,https://notorious-plug.com/cdn/shop/files/MA_BAR_TANHOODIE3.png?v=1745338830,3,,,,,,,,,,,,,,,,,,,,,active
amiri-ma-bar-logo-hoodie-tan,,,,,,,TRUE,Size,L,PF23MJL006-281-L,,,,shopify,manual,275.0,850.0,,,,https://notorious-plug.com/cdn/shop/files/MA_BAR_TANHOODIE.png?v=1745338830,1,,,,,,,,,,,,,,,,,,,,,active
amiri-ma-bar-logo-hoodie-tan,,,,,,,,Size,L,PF23MJL006-281-L,,,,shopify,manual,275.0,850.0,,,,https://notorious-plug.com/cdn/shop/files/MA_BAR_TANHOODIE2.png?v=1745338831,2,,,,,,,,,,,,,,,,,,,,,active
amiri-ma-bar-logo-hoodie-tan,,,,,,,,Size,L,PF23MJL006-281-L,,,,shopify,manual,275.0,850.0,,,,https://notorious-plug.com/cdn/shop/files/MA_BAR_TANHOODIE3.png?v=1745338830,3,,,,,,,,,,,,,,,,,,,,,active
amiri-ma-bar-logo-hoodie-tan,,,,,,,TRUE,Size,XXXL,PF23MJL006-281-XXXL,,,,shopify,manual,275.0,850.0,,,,https://notorious-plug.com/cdn/shop/files/MA_BAR_TANHOODIE.png?v=1745338830,1,,,,,,,,,,,,,,,,,,,,,active
amiri-ma-bar-logo-hoodie-tan,,,,,,,,Size,XXXL,PF23MJL006-281-XXXL,,,,shopify,manual,275.0,850.0,,,,https://notorious-plug.com/cdn/shop/files/MA_BAR_TANHOODIE2.png?v=1745338831,2,,,,,,,,,,,,,,,,,,,,,active
amiri-ma-bar-logo-hoodie-tan,,,,,,,,Size,XXXL,PF23MJL006-281-XXXL,,,,shopify,manual,275.0,850.0,,,,https://notorious-plug.com/cdn/shop/files/MA_BAR_TANHOODIE3.png?v=1745338830,3,,,,,,,,,,,,,,,,,,,,,active
amiri-script-logo-sweater-black-1,AMIRI SCRIPT LOGO SWEATER BLACK,"<p>AMIRI embraces a minimalist aesthetic with this black sweatshirt. Expertly crafted from premium cotton, it features a refined design with the logo elegantly embroidered in contrasting white cursive on the chest. This understated yet stylish detail adds a touch of sophistication to the classic, comfortable silhouette.</p>",Amiri,,Sweats,"ALL PRODUCTS, AMIRI, CLOTHING, HOODIES & SWEATSHIRTS, OUR PICKS, VIEW ALL CLOTHING, Men, All Mens Clothing",TRUE,Size,L,PF23MJL008-001-L,,,,shopify,manual,275.0,755.0,,,,https://notorious-plug.com/cdn/shop/files/AM1_SCRIPTLOGO1.png?v=1725291585,1,,,,,,,,,,,,,,,,,,,,,active
amiri-script-logo-sweater-black-1,,,,,,,,Size,L,PF23MJL008-001-L,,,,shopify,manual,275.0,755.0,,,,https://notorious-plug.com/cdn/shop/files/AM1_SCRIPTLOGO2.png?v=1725291585,2,,,,,,,,,,,,,,,,,,,,,active
amiri-script-logo-sweater-black-1,,,,,,,,Size,L,PF23MJL008-001-L,,,,shopify,manual,275.0,755.0,,,,https://notorious-plug.com/cdn/shop/files/AM1_SCRIPTLOGO3.png?v=1725291585,3,,,,,,,,,,,,,,,,,,,,,active
amiri-script-logo-sweater-black-1,,,,,,,TRUE,Size,XL,PF23MJL008-001-XL,,,,shopify,manual,275.0,755.0,,,,https://notorious-plug.com/cdn/shop/files/AM1_SCRIPTLOGO1.png?v=1725291585,1,,,,,,,,,,,,,,,,,,,,,active
amiri-script-logo-sweater-black-1,,,,,,,,Size,XL,PF23MJL008-001-XL,,,,shopify,manual,275.0,755.0,,,,https://notorious-plug.com/cdn/shop/files/AM1_SCRIPTLOGO2.png?v=1725291585,2,,,,,,,,,,,,,,,,,,,,,active
amiri-script-logo-sweater-black-1,,,,,,,,Size,XL,PF23MJL008-001-XL,,,,shopify,manual,275.0,755.0,,,,https://notorious-plug.com/cdn/shop/files/AM1_SCRIPTLOGO3.png?v=1725291585,3,,,,,,,,,,,,,,,,,,,,,active
amiri-script-logo-sweater-black-1,,,,,,,TRUE,Size,XXL,PF23MJL008-001-XXL,,,,shopify,manual,275.0,755.0,,,,https://notorious-plug.com/cdn/shop/files/AM1_SCRIPTLOGO1.png?v=1725291585,1,,,,,,,,,,,,,,,,,,,,,active
amiri-script-logo-sweater-black-1,,,,,,,,Size,XXL,PF23MJL008-001-XXL,,,,shopify,manual,275.0,755.0,,,,https://notorious-plug.com/cdn/shop/files/AM1_SCRIPTLOGO2.png?v=1725291585,2,,,,,,,,,,,,,,,,,,,,,active
amiri-script-logo-sweater-black-1,,,,,,,,Size,XXL,PF23MJL008-001-XXL,,,,shopify,manual,275.0,755.0,,,,https://notorious-plug.com/cdn/shop/files/AM1_SCRIPTLOGO3.png?v=1725291585,3,,,,,,,,,,,,,,,,,,,,,active
amiri-script-logo-sweater-black-1,,,,,,,TRUE,Size,XXXL,PF23MJL008-001-XXXL,,,,shopify,manual,275.0,755.0,,,,https://notorious-plug.com/cdn/shop/files/AM1_SCRIPTLOGO1.png?v=1725291585,1,,,,,,,,,,,,,,,,,,,,,active
amiri-script-logo-sweater-black-1,,,,,,,,Size,XXXL,PF23MJL008-001-XXXL,,,,shopify,manual,275.0,755.0,,,,https://notorious-plug.com/cdn/shop/files/AM1_SCRIPTLOGO2.png?v=1725291585,2,,,,,,,,,,,,,,,,,,,,,active
amiri-script-logo-sweater-black-1,,,,,,,,Size,XXXL,PF23MJL008-001-XXXL,,,,shopify,manual,275.0,755.0,,,,https://notorious-plug.com/cdn/shop/files/AM1_SCRIPTLOGO3.png?v=1725291585,3,,,,,,,,,,,,,,,,,,,,,active
amiri-micro-ma-bar-logo-hoodie-black,AMIRI MICRO MA BAR LOGO HOODIE BLACK,"<p>Amiri Micro MA Bar Hoodie in Black combines comfort and style with its non-detachable hood, ribbed cuffs, straight hem and small front logo detail. This hoodie also features a convenient front kangaroo pocket. Made from 100% cotton.</p>",Notorious Plug,,Sweats,"AMIRIDEAL, NOTFORLTS, ALL PRODUCTS, AMIRI, AMIRI DEAL, CLOTHING, HOODIES & SWEATSHIRTS, OUR PICKS, VIEW ALL CLOTHING, Men, All Mens Clothing",TRUE,Size,M,,,,,shopify,manual,275.0,850.0,,,,https://notorious-plug.com/cdn/shop/files/MICROLOGOHOODIE_BK.png?v=1745339485,1,,,,,,,,,,,,,,,,,,,,,active
amiri-micro-ma-bar-logo-hoodie-black,,,,,,,,Size,M,,,,,shopify,manual,275.0,850.0,,,,https://notorious-plug.com/cdn/shop/files/MICROLOGOHOODIE_BK2.png?v=1745339485,2,,,,,,,,,,,,,,,,,,,,,active
amiri-micro-ma-bar-logo-hoodie-black,,,,,,,,Size,M,,,,,shopify,manual,275.0,850.0,,,,https://notorious-plug.com/cdn/shop/files/MICROLOGOHOODIE_BK3.png?v=1745339484,3,,,,,,,,,,,,,,,,,,,,,active
amiri-crystal-embellished-logo-hoodie-black,AMIRI CRYSTAL EMBELLISHED LOGO HOODIE BLACK,<p>Made in Italy. Crystal embellished MA logo to the front chest and in larger lettering at the back. Dry clean. Front kangaroo pocket. Crystal embellished logo at chest and back. Midweight jersey fabric</p>,Amiri,,Sweats,"ALL PRODUCTS, AMIRI, CLOTHING, HOODIES & SWEATSHIRTS, OUR PICKS, VIEW ALL CLOTHING, Men, All Mens Clothing",TRUE,Size,XS,PF23MJG033-001-XS,,,,shopify,manual,350.0,1390.0,,,,https://notorious-plug.com/cdn/shop/files/AM11CRYSTALEMBB.png?v=1745340477,1,,,,,,,,,,,,,,,,,,,,,active
amiri-crystal-embellished-logo-hoodie-black,,,,,,,,Size,XS,PF23MJG033-001-XS,,,,shopify,manual,350.0,1390.0,,,,https://notorious-plug.com/cdn/shop/files/AM11CRYSTALEMBB3.png?v=1745340478,2,,,,,,,,,,,,,,,,,,,,,active
amiri-crystal-embellished-logo-hoodie-black,,,,,,,,Size,XS,PF23MJG033-001-XS,,,,shopify,manual,350.0,1390.0,,,,https://notorious-plug.com/cdn/shop/files/AM11CRYSTALEMBB22.png?v=1745340476,3,,,,,,,,,,,,,,,,,,,,,active
amiri-crystal-embellished-logo-hoodie-black,,,,,,,,Size,XS,PF23MJG033-001-XS,,,,shopify,manual,350.0,1390.0,,,,https://notorious-plug.com/cdn/shop/files/AM11CRYSTALEMBB2.png?v=1745340477,4,,,,,,,,,,,,,,,,,,,,,active
amiri-crystal-embellished-logo-hoodie-black,,,,,,,TRUE,Size,S,PF23MJG033-001-S,,,,shopify,manual,350.0,1390.0,,,,https://notorious-plug.com/cdn/shop/files/AM11CRYSTALEMBB.png?v=1745340477,1,,,,,,,,,,,,,,,,,,,,,active
amiri-crystal-embellished-logo-hoodie-black,,,,,,,,Size,S,PF23MJG033-001-S,,,,shopify,manual,350.0,1390.0,,,,https://notorious-plug.com/cdn/shop/files/AM11CRYSTALEMBB3.png?v=1745340478,2,,,,,,,,,,,,,,,,,,,,,active
amiri-crystal-embellished-logo-hoodie-black,,,,,,,,Size,S,PF23MJG033-001-S,,,,shopify,manual,350.0,1390.0,,,,https://notorious-plug.com/cdn/shop/files/AM11CRYSTALEMBB22.png?v=1745340476,3,,,,,,,,,,,,,,,,,,,,,active
amiri-crystal-embellished-logo-hoodie-black,,,,,,,,Size,S,PF23MJG033-001-S,,,,shopify,manual,350.0,1390.0,,,,https://notorious-plug.com/cdn/shop/files/AM11CRYSTALEMBB2.png?v=1745340477,4,,,,,,,,,,,,,,,,,,,,,active
amiri-california-hawaiian-hoodie-black-1,AMIRI CALIFORNIA HAWAIIAN HOODIE BLACK,"<p>Showing the brand's focus on Californian nostalgia and streetwear aesthetic, this black hoodie from AMIRI has a relaxed cut made of cotton. Its design is enhanced by a contrasting logo at the chest and colourful an applique detail on the back. </p>",Amiri,,Sweats,"ALL PRODUCTS, AMIRI, CLOTHING, HOODIES & SWEATSHIRTS, OUR PICKS, VIEW ALL CLOTHING, Men, All Mens Clothing",TRUE,Size,XS,,,,,shopify,manual,275.0,940.0,,,,https://notorious-plug.com/cdn/shop/files/AMIRI_CALI_H2.png?v=1740477641,1,,,,,,,,,,,,,,,,,,,,,active
amiri-california-hawaiian-hoodie-black-1,,,,,,,,Size,XS,,,,,shopify,manual,275.0,940.0,,,,https://notorious-plug.com/cdn/shop/files/AMIRI_CALI_H1.png?v=1740477641,2,,,,,,,,,,,,,,,,,,,,,active
amiri-california-hawaiian-hoodie-black-1,,,,,,,TRUE,Size,S,,,,,shopify,manual,275.0,940.0,,,,https://notorious-plug.com/cdn/shop/files/AMIRI_CALI_H2.png?v=1740477641,1,,,,,,,,,,,,,,,,,,,,,active
amiri-california-hawaiian-hoodie-black-1,,,,,,,,Size,S,,,,,shopify,manual,275.0,940.0,,,,https://notorious-plug.com/cdn/shop/files/AMIRI_CALI_H1.png?v=1740477641,2,,,,,,,,,,,,,,,,,,,,,active
amiri-california-hawaiian-hoodie-black-1,,,,,,,TRUE,Size,M,,,,,shopify,manual,275.0,940.0,,,,https://notorious-plug.com/cdn/shop/files/AMIRI_CALI_H2.png?v=1740477641,1,,,,,,,,,,,,,,,,,,,,,active
amiri-california-hawaiian-hoodie-black-1,,,,,,,,Size,M,,,,,shopify,manual,275.0,940.0,,,,https://notorious-plug.com/cdn/shop/files/AMIRI_CALI_H1.png?v=1740477641,2,,,,,,,,,,,,,,,,,,,,,active
amiri-california-hawaiian-hoodie-black-1,,,,,,,TRUE,Size,L,,,,,shopify,manual,275.0,940.0,,,,https://notorious-plug.com/cdn/shop/files/AMIRI_CALI_H2.png?v=1740477641,1,,,,,,,,,,,,,,,,,,,,,active
amiri-california-hawaiian-hoodie-black-1,,,,,,,,Size,L,,,,,shopify,manual,275.0,940.0,,,,https://notorious-plug.com/cdn/shop/files/AMIRI_CALI_H1.png?v=1740477641,2,,,,,,,,,,,,,,,,,,,,,active
amiri-california-hawaiian-hoodie-black-1,,,,,,,TRUE,Size,XL,,,,,shopify,manual,275.0,940.0,,,,https://notorious-plug.com/cdn/shop/files/AMIRI_CALI_H2.png?v=1740477641,1,,,,,,,,,,,,,,,,,,,,,active
amiri-california-hawaiian-hoodie-black-1,,,,,,,,Size,XL,,,,,shopify,manual,275.0,940.0,,,,https://notorious-plug.com/cdn/shop/files/AMIRI_CALI_H1.png?v=1740477641,2,,,,,,,,,,,,,,,,,,,,,active
amiri-california-hawaiian-hoodie-black-1,,,,,,,TRUE,Size,XXL,,,,,shopify,manual,275.0,940.0,,,,https://notorious-plug.com/cdn/shop/files/AMIRI_CALI_H2.png?v=1740477641,1,,,,,,,,,,,,,,,,,,,,,active
amiri-california-hawaiian-hoodie-black-1,,,,,,,,Size,XXL,,,,,shopify,manual,275.0,940.0,,,,https://notorious-plug.com/cdn/shop/files/AMIRI_CALI_H1.png?v=1740477641,2,,,,,,,,,,,,,,,,,,,,,active
amiri-california-hawaiian-hoodie-black-1,,,,,,,TRUE,Size,XXXL,,,,,shopify,manual,275.0,940.0,,,,https://notorious-plug.com/cdn/shop/files/AMIRI_CALI_H2.png?v=1740477641,1,,,,,,,,,,,,,,,,,,,,,active
amiri-california-hawaiian-hoodie-black-1,,,,,,,,Size,XXXL,,,,,shopify,manual,275.0,940.0,,,,https://notorious-plug.com/cdn/shop/files/AMIRI_CALI_H1.png?v=1740477641,2,,,,,,,,,,,,,,,,,,,,,active
amiri-california-hawaiian-hoodie-white,AMIRI CALIFORNIA HAWAIIAN HOODIE WHITE,"<p>Showing the brand's focus on Californian nostalgia and streetwear aesthetic, this white hoodie from AMIRI has a relaxed cut made of cotton. Its design is enhanced by a contrasting logo at the chest and colourful an applique detail on the back. </p>",Amiri,,Sweats,"ALL PRODUCTS, AMIRI, CLOTHING, HOODIES & SWEATSHIRTS, OUR PICKS, VIEW ALL CLOTHING, Men, All Mens Clothing",TRUE,Size,S,,,,,shopify,manual,275.0,940.0,,,,https://notorious-plug.com/cdn/shop/files/AM11_CALIWHITE.png?v=1745341166,1,,,,,,,,,,,,,,,,,,,,,active
amiri-california-hawaiian-hoodie-white,,,,,,,,Size,S,,,,,shopify,manual,275.0,940.0,,,,https://notorious-plug.com/cdn/shop/files/AM11_CALIWHITE2.png?v=1745341167,2,,,,,,,,,,,,,,,,,,,,,active
amiri-california-hawaiian-hoodie-white,,,,,,,,Size,S,,,,,shopify,manual,275.0,940.0,,,,https://notorious-plug.com/cdn/shop/files/AM11_CALIWHITE4.png?v=1745341166,3,,,,,,,,,,,,,,,,,,,,,active
amiri-california-hawaiian-hoodie-white,,,,,,,,Size,S,,,,,shopify,manual,275.0,940.0,,,,https://notorious-plug.com/cdn/shop/files/AM11_CALIWHITE3.png?v=1745341167,4,,,,,,,,,,,,,,,,,,,,,active
amiri-california-hawaiian-hoodie-white,,,,,,,TRUE,Size,M,,,,,shopify,manual,275.0,940.0,,,,https://notorious-plug.com/cdn/shop/files/AM11_CALIWHITE.png?v=1745341166,1,,,,,,,,,,,,,,,,,,,,,active
amiri-california-hawaiian-hoodie-white,,,,,,,,Size,M,,,,,shopify,manual,275.0,940.0,,,,https://notorious-plug.com/cdn/shop/files/AM11_CALIWHITE2.png?v=1745341167,2,,,,,,,,,,,,,,,,,,,,,active
amiri-california-hawaiian-hoodie-white,,,,,,,,Size,M,,,,,shopify,manual,275.0,940.0,,,,https://notorious-plug.com/cdn/shop/files/AM11_CALIWHITE4.png?v=1745341166,3,,,,,,,,,,,,,,,,,,,,,active
amiri-california-hawaiian-hoodie-white,,,,,,,,Size,M,,,,,shopify,manual,275.0,940.0,,,,https://notorious-plug.com/cdn/shop/files/AM11_CALIWHITE3.png?v=1745341167,4,,,,,,,,,,,,,,,,,,,,,active
amiri-california-hawaiian-hoodie-white,,,,,,,TRUE,Size,L,,,,,shopify,manual,275.0,940.0,,,,https://notorious-plug.com/cdn/shop/files/AM11_CALIWHITE.png?v=1745341166,1,,,,,,,,,,,,,,,,,,,,,active
amiri-california-hawaiian-hoodie-white,,,,,,,,Size,L,,,,,shopify,manual,275.0,940.0,,,,https://notorious-plug.com/cdn/shop/files/AM11_CALIWHITE2.png?v=1745341167,2,,,,,,,,,,,,,,,,,,,,,active
amiri-california-hawaiian-hoodie-white,,,,,,,,Size,L,,,,,shopify,manual,275.0,940.0,,,,https://notorious-plug.com/cdn/shop/files/AM11_CALIWHITE4.png?v=1745341166,3,,,,,,,,,,,,,,,,,,,,,active
amiri-california-hawaiian-hoodie-white,,,,,,,,Size,L,,,,,shopify,manual,275.0,940.0,,,,https://notorious-plug.com/cdn/shop/files/AM11_CALIWHITE3.png?v=1745341167,4,,,,,,,,,,,,,,,,,,,,,active
amiri-california-hawaiian-hoodie-white,,,,,,,TRUE,Size,XL,,,,,shopify,manual,275.0,940.0,,,,https://notorious-plug.com/cdn/shop/files/AM11_CALIWHITE.png?v=1745341166,1,,,,,,,,,,,,,,,,,,,,,active
amiri-california-hawaiian-hoodie-white,,,,,,,,Size,XL,,,,,shopify,manual,275.0,940.0,,,,https://notorious-plug.com/cdn/shop/files/AM11_CALIWHITE2.png?v=1745341167,2,,,,,,,,,,,,,,,,,,,,,active
amiri-california-hawaiian-hoodie-white,,,,,,,,Size,XL,,,,,shopify,manual,275.0,940.0,,,,https://notorious-plug.com/cdn/shop/files/AM11_CALIWHITE4.png?v=1745341166,3,,,,,,,,,,,,,,,,,,,,,active
amiri-california-hawaiian-hoodie-white,,,,,,,,Size,XL,,,,,shopify,manual,275.0,940.0,,,,https://notorious-plug.com/cdn/shop/files/AM11_CALIWHITE3.png?v=1745341167,4,,,,,,,,,,,,,,,,,,,,,active
amiri-california-hawaiian-hoodie-white,,,,,,,TRUE,Size,XXL,,,,,shopify,manual,275.0,940.0,,,,https://notorious-plug.com/cdn/shop/files/AM11_CALIWHITE.png?v=1745341166,1,,,,,,,,,,,,,,,,,,,,,active
amiri-california-hawaiian-hoodie-white,,,,,,,,Size,XXL,,,,,shopify,manual,275.0,940.0,,,,https://notorious-plug.com/cdn/shop/files/AM11_CALIWHITE2.png?v=1745341167,2,,,,,,,,,,,,,,,,,,,,,active
amiri-california-hawaiian-hoodie-white,,,,,,,,Size,XXL,,,,,shopify,manual,275.0,940.0,,,,https://notorious-plug.com/cdn/shop/files/AM11_CALIWHITE4.png?v=1745341166,3,,,,,,,,,,,,,,,,,,,,,active
amiri-california-hawaiian-hoodie-white,,,,,,,,Size,XXL,,,,,shopify,manual,275.0,940.0,,,,https://notorious-plug.com/cdn/shop/files/AM11_CALIWHITE3.png?v=1745341167,4,,,,,,,,,,,,,,,,,,,,,active
